素材名称,素材内容,素材类型,素材ID,消耗,展示数,平均千次展现费用(元),点击数,点击率%,平均点击单价(元),转化数,平均转化成本,转化率%,深度转化数,深度转化成本,深度转化率%
-,高中别盲目刷题！这套学霸笔记才是重点，点击链接领取电子版！,标题,7.66E+18,"7,816.01","395,817",19.75,"6,785",1.71%,1.15,382,20.46,5.63%,0,0,0.00%
微信视频_20260711163659.mp4,https://ad.oceanengine.com/material_center/outer/video_player?token=CnIo7VP9STnD8y2QWiSmy61SjZQXNpGhGvZqr4ix0IjZ8VWUi8iJfyCvhlnkmmtE0fGUaIdSo72Ou9lMe5NfZvzpGH3Fs9Oj%2Fmk0XmNrgL8%2F%2FTxku6iYA0nkeEqXZutgNTvSsdOm7UICQz5imqtgyeKdTJ4aSwo8AAAAAAAAAAAAAFCszCTdtdmV8iFuH7Tnv0IUsSB6Jnb%2FNxphcvfQ89eebjl9hbqMpGK8ov%2FM34FrqfzhELuVlw4Yvfeq7g4gASIBA0qGG1s%3D,横版视频,7.66E+18,"7,004.56","362,223",19.34,"4,205",1.16%,1.67,360,19.46,8.56%,0,0,0.00%
0708-引导-嘉丽-4.mp4,https://ad.oceanengine.com/material_center/outer/video_player?token=CnJHuJ4Kv7lixi1zAB%2BiTTcdAP3P9PHMtT5PX54ladmtFEIf%2BFm93ps1X%2FXujmR2%2Ffzewfqsnd5J4Gv86VR2YeqOZWnd9C66CBFz%2FK4tufJjwrcIO3Kzol87JUuOcpkKWkwpBJSw12khTcY0Rf3A0aM7sBIaSwo8AAAAAAAAAAAAAFCszCTdtdmV8iFuH7Tnv0IUsSB6Jnb%2FNxphcvfQ89eebjl9hbqMpGK8ov%2FM34FrqfzhELuVlw4Yvfeq7g4gASIBA1H9Yr0%3D,竖版视频,7.66E+18,"4,033.22","200,122",20.15,"4,623",2.31%,0.87,197,20.47,4.26%,0,0,0.00%
-,别再因为数学而困扰；这套全科学霸笔记，点击领取最新学习资料。,标题,7.66E+18,"3,599.01","204,988",17.56,"4,683",2.28%,0.77,167,21.55,3.57%,0,0,0.00%
-,本地高中生学习方法，刷到就是赚到，点击链接免费领取电子版！,标题,7.66E+18,"1,669.31","58,497",28.54,880,1.50%,1.9,85,19.64,9.66%,0,0,0.00%
-,后悔才知道！高中学霸笔记竟然这么简单，原来是这样学的！,标题,7.66E+18,"1,331.02","69,875",19.05,"1,083",1.55%,1.23,85,15.66,7.85%,0,0,0.00%
0708-引导-嘉丽-2.mp4,https://ad.oceanengine.com/material_center/outer/video_player?token=CnLI5hOEmR94m%2BSGi8%2F2FWQRhQ1Los9JKUR5u12wdraRLA2lgRRZGeRlk%2BOKmMR3iknYmKZJ78PAGsJu7298bWblI%2BJk4yHvDbbpCiT5T63twa6kugibD6WIvWOAFuUYpB%2B7hU9VletyBLAewhpT4zYXieEaSwo8AAAAAAAAAAAAAFCszCTdtdmV8iFuH7Tnv0IUsSB6Jnb%2FNxphcvfQ89eebjl9hbqMpGK8ov%2FM34FrqfzhELuVlw4Yvfeq7g4gASIBA%2B0fjBI%3D,横版视频,7.66E+18,"1,054.01","54,617",19.3,"1,150",2.11%,0.92,58,18.17,5.04%,0,0,0.00%
-,高中学霸笔记，刷到就是赚到！点击领取最新学习资料。,标题,7.66E+18,985.62,"65,147",15.13,"2,224",3.41%,0.44,43,22.92,1.93%,0,0,0.00%
-,高分提分学霸笔记，刷到就是赚到～点击链接领取专属资料！,标题,7.66E+18,601.74,"22,622",26.6,339,1.50%,1.78,27,22.29,7.96%,0,0,0.00%
0709引导-小敏-4-1.mp4,https://ad.oceanengine.com/material_center/outer/video_player?token=CnKtPMXIpzNwqOZF88cHJ0nofVmZMkqAnIu92a2UsCsc6fT75oPU41%2FKtNbuggRtMY%2BM7m%2FJ8sxTKIkoXWhetpUZcGAkjV86Akzcf0JgSVo0k6aMt2fkSTjqhrSWvEmZGM42OwA%2BV%2FUMUYnJtVWN1GKoiREaSwo8AAAAAAAAAAAAAFCszCTdtdmV8iFuH7Tnv0IUsSB6Jnb%2FNxphcvfQ89eebjl9hbqMpGK8ov%2FM34FrqfzhELuVlw4Yvfeq7g4gASIBA1xwj%2Fk%3D,竖版视频,7.66E+18,512,"17,727",28.88,285,1.61%,1.8,18,28.44,6.32%,0,0,0.00%
0709引导+v-瑞晨-1.mp4,https://ad.oceanengine.com/material_center/outer/video_player?token=CnKVpt5xY1fH8ZjGxcw9DMuCo3rGIc714zIRjKrOCBGFc33tb2lnYVB0rCya%2B%2BPmvlOSAfOn6b7Ld3cND0W1Z%2F6HlRp3VSlEI%2BCjkfEicggxK6uHpL7TNw00JnHjyqt8kaLjqYZI5FFiTSrJzXBBwHiwvsQaSwo8AAAAAAAAAAAAAFCszCTdtdmV8iFuH7Tnv0IUsSB6Jnb%2FNxphcvfQ89eebjl9hbqMpGK8ov%2FM34FrqfzhELuVlw4Yvfeq7g4gASIBA1DbqAo%3D,竖版视频,7.66E+18,397.42,"31,269",12.71,"1,140",3.65%,0.35,20,19.87,1.75%,0,0,0.00%
0708-引导-嘉丽-3.mp4,https://ad.oceanengine.com/material_center/outer/video_player?token=CnLULB1FruvJ55mTz6yNI3JB8MZ265uNaIt%2BziYdUZnjPqTxvjRr4irvp6K86Bj8kPHXeUkhRP2vqvJM7qZII3SyaQWKxanqB%2Bhqnr7xAAJ6HksCR4Vbh5dpFai3QIDUVAnCZCjub0I6r%2B1T0l4yoG6YYYgaSwo8AAAAAAAAAAAAAFCszCTdtdmV8iFuH7Tnv0IUsSB6Jnb%2FNxphcvfQ89eebjl9hbqMpGK8ov%2FM34FrqfzhELuVlw4Yvfeq7g4gASIBA6beGa8%3D,竖版视频,7.66E+18,377.68,"28,853",13.09,963,3.34%,0.39,15,25.18,1.56%,0,0,0.00%
0709引导-小敏-1-1.mp4,https://ad.oceanengine.com/material_center/outer/video_player?token=CnLfa5x86dbwL8HzPDcip9%2F2L9y33GOqLjpvvziT4sL8myM%2FbaRK2Obf4J9bW7DqHCtVWB5mAriolo2LvmI852o%2BBbJDsn1c%2FkdQjmwOVCD%2FRCoYeNDMDSsZKfsWAATqg1dHMFtBdGwOKvmm8ZaMzbafL2caSwo8AAAAAAAAAAAAAFCszCTdtdmV8iFuH7Tnv0IUsSB6Jnb%2FNxphcvfQ89eebjl9hbqMpGK8ov%2FM34FrqfzhELuVlw4Yvfeq7g4gASIBA%2BhTK4Y%3D,竖版视频,7.66E+18,376.95,"30,952",12.18,"1,021",3.30%,0.37,18,20.94,1.76%,0,0,0.00%
0713-引导-小敏-5.mp4,https://ad.oceanengine.com/material_center/outer/video_player?token=CnI3YGrzLDif95hDnx%2B5IbAQ%2FP4Sqp6VZZGqzcFQYW2XN4G5Om1vcb7suUYjKhiNWKF1Y2OMD%2FKqajpyxvZw%2FVR4hXJgBN0aSEBlqT0vEMBtEnU%2FFx5SRGhdiLh6hdSDPOqiU2w7MSwCqdKaacvBXq4FZb8aSwo8AAAAAAAAAAAAAFCszCTdtdmV8iFuH7Tnv0IUsSB6Jnb%2FNxphcvfQ89eebjl9hbqMpGK8ov%2FM34FrqfzhELuVlw4Yvfeq7g4gASIBAx9y78g%3D,竖版视频,7.66E+18,265.03,"11,149",23.77,206,1.85%,1.29,13,20.39,6.31%,0,0,0.00%
0709引导-小敏-5-1.mp4,https://ad.oceanengine.com/material_center/outer/video_player?token=CnLCFS0EJZuiS%2FW4%2B7c9ydqDLkUBkXVd52Vimw2BbHgyiibZRYWKdWtEfjkKmMGoOfKY6lUSsIIfHJOF11bSBBpjJRgbucy%2F9tSPrEP9XRkKoU5IQN1nmNpVmAlsXhXDpt9UH9oV7t6QQjou8rBH8Bv83bsaSwo8AAAAAAAAAAAAAFCszCTdtdmV8iFuH7Tnv0IUsSB6Jnb%2FNxphcvfQ89eebjl9hbqMpGK8ov%2FM34FrqfzhELuVlw4Yvfeq7g4gASIBA8durdo%3D,竖版视频,7.66E+18,238.23,"8,487",28.07,190,2.24%,1.25,10,23.82,5.26%,0,0,0.00%
0713-浩正瑞晨引导-1.mp4.mp4,https://ad.oceanengine.com/material_center/outer/video_player?token=CnKqjWgVC1ENUvlocrSVJ3aVz8CejTXxlQR9ADhkN2VkPj6pd7qw9%2FljDV%2BG687wnA95GnHxiACjsUHxMssVw0grXIWjWxfN8mI%2BY1TTqJcldlpVN64XkeUsTjHepK1WNKQak9XyABeHT0hS6s%2Brjvq3Jk4aSwo8AAAAAAAAAAAAAFCszCTdtdmV8iFuH7Tnv0IUsSB6Jnb%2FNxphcvfQ89eebjl9hbqMpGK8ov%2FM34FrqfzhELuVlw4Yvfeq7g4gASIBAwBhRBU%3D,竖版视频,7.66E+18,205.16,"4,827",42.5,92,1.91%,2.23,12,17.1,13.04%,0,0,0.00%
0713-引导-雅迪-2-改.mp4,https://ad.oceanengine.com/material_center/outer/video_player?token=CnJ%2B6KAvX5rDCQP%2FJeYYamt3y6b1xs29%2FbQuQUM8k9YdzerpZ9aftr1omsdhLnUSCd4WsKfSGrWiR5eZrfmYSlcmUccHgsHtKHPvBBoh9KNB8UVSBlRw1ZmtvdTbrKLTSy6zvVofEFrOhGOW27vmjih2p10aSwo8AAAAAAAAAAAAAFCszCTdtdmV8iFuH7Tnv0IUsSB6Jnb%2FNxphcvfQ89eebjl9hbqMpGK8ov%2FM34FrqfzhELuVlw4Yvfeq7g4gASIBA7pmR3k%3D,横版视频,7.66E+18,160.51,"4,571",35.11,50,1.09%,3.21,8,20.06,16.00%,0,0,0.00%
0709引导-小敏-3-1.mp4,https://ad.oceanengine.com/material_center/outer/video_player?token=CnJkYLOaE4qpX3EcA4qvWtB3U8kmbwXi0hQTiJFj6kc6CdqSdWeoJ9UJRnHf%2B10okpuI2RpidsxUx4wbuFGNPmtxUY4TMCyoHysaXWVvni4i4bbMOlxizI887vEawAOn%2FwLBXwcuEDB2HUWZ0Zf8iwb7NwgaSwo8AAAAAAAAAAAAAFCszCTdtdmV8iFuH7Tnv0IUsSB6Jnb%2FNxphcvfQ89eebjl9hbqMpGK8ov%2FM34FrqfzhELuVlw4Yvfeq7g4gASIBA4%2BQTCA%3D,竖版视频,7.66E+18,143.47,"6,383",22.48,148,2.32%,0.97,5,28.69,3.38%,0,0,0.00%
0708引导-小敏-1.mp4,https://ad.oceanengine.com/material_center/outer/video_player?token=CnKGz8Uq6dn4uUycyCKDrpMAcrvqSp4RM6ec3SqMVPhtZ%2B8ZqqttG4u6cvbePICJdbD6MeQSiTHLXRyaqm8oTZjBryN1iHFDfarH%2F8PGqlxeLx6zWVc563C3%2BmnRq4%2FdV7xK1L%2BQ20SovqVbKs2NiuktdWIaSwo8AAAAAAAAAAAAAFCszCTdtdmV8iFuH7Tnv0IUsSB6Jnb%2FNxphcvfQ89eebjl9hbqMpGK8ov%2FM34FrqfzhELuVlw4Yvfeq7g4gASIBA5ay16k%3D,竖版视频,7.66E+18,138.93,"7,380",18.83,191,2.59%,0.73,6,23.16,3.14%,0,0,0.00%
微信视频_20260711163647.mp4,https://ad.oceanengine.com/material_center/outer/video_player?token=CnIJi2PqdIe2vVvqYWbURpeoUg%2B%2B2tznxFr07I3eJneJxLlDeTBtaKxcnbMboRjmZVY3VvLf3hXrvgQRHuyeNU3EGAglg%2Fv5N6hOeimjQ%2FRU8lSfv7a5VSC0g6JfBoixqonIKKrlne2VByfeXl%2F4yGmm4X0aSwo8AAAAAAAAAAAAAFCszCTdtdmV8iFuH7Tnv0IUsSB6Jnb%2FNxphcvfQ89eebjl9hbqMpGK8ov%2FM34FrqfzhELuVlw4Yvfeq7g4gASIBAyjFIXQ%3D,横版视频,7.66E+18,126.66,"2,515",50.36,77,3.06%,1.64,9,14.07,11.69%,0,0,0.00%
-,AIGC动态创意素材暂不支持预览内容,竖版视频,7.66E+18,122.54,"2,929",41.84,49,1.67%,2.5,5,24.51,10.20%,0,0,0.00%
-,学习成绩差？高中学霸笔记，点击链接领取免费资料！,标题,7.66E+18,107.02,"5,331",20.08,126,2.36%,0.85,3,35.67,2.38%,0,0,0.00%
-,后悔才知道！高中学霸笔记竟然这么简单，原来是这样学的！点击领取电子版～,标题,7.66E+18,105.97,"4,000",26.49,119,2.98%,0.89,7,15.14,5.88%,0,0,0.00%
-,https://ad.oceanengine.com/material_center/outer/video_player?token=CnIXVJqwnzVfD3IOIQ0zcSi%2BTiEg5eKdPoEJtifvMxxkg2HPkJZfcRcjSv8OrHyCcYkJ0FMZ7yN2EcWRCiYiX9ZpA2Lb1S9%2F6UCbMXnmTCBRUTk5922fn6qEhkgSt3f1%2FVCARsngOVdh8R0akZyVv08dL40aSwo8AAAAAAAAAAAAAFCszCTdtdmV8iFuH7Tnv0IUsSB6Jnb%2FNxphcvfQ89eebjl9hbqMpGK8ov%2FM34FrqfzhELuVlw4Yvfeq7g4gASIBA1x240I%3D,竖版视频,7.66E+18,89.93,"7,922",11.35,290,3.66%,0.31,6,14.99,2.07%,0,0,0.00%
-,学习成绩差？快来领取学霸笔记，教你学习方法！,标题,7.66E+18,83.24,"3,371",24.69,116,3.44%,0.72,3,27.75,2.59%,0,0,0.00%
0713-引导-嘉丽-8.mp4,https://ad.oceanengine.com/material_center/outer/video_player?token=CnLnhQGWFKBxicUUO2sZyidvo06FVTZZLgExZv88Tpq1ARUWJ0QW0RswOSD%2B3alL7xBPLsaE7TCOgDNRkhS4w%2FoCun5gm6WPsnsV1%2BgInOuWIIHcUq1t4dYUfxz9SjpC3ztH6tFcD0D2ucYXus7MmzmTnLwaSwo8AAAAAAAAAAAAAFCszCTdtdmV8iFuH7Tnv0IUsSB6Jnb%2FNxphcvfQ89eebjl9hbqMpGK8ov%2FM34FrqfzhELuVlw4Yvfeq7g4gASIBA%2FwWKqE%3D,横版视频,7.66E+18,75.09,"2,030",36.99,27,1.33%,2.78,3,25.03,11.11%,0,0,0.00%
0709引导+v-瑞晨-9.mp4,https://ad.oceanengine.com/material_center/outer/video_player?token=CnIvkDbK6P08vRpqxuJmziBPbFLUdfSQN49stQaAGs62CfeQkicg6MIacrALFxkWffEtiJs310lYe8Hj4GMux5b1kMTI1fYM6F428Ppw0sgLUMYXVEiitWpJyX3NeDNkzP2iC6NswjRp12G%2FMxWN0tO4YPEaSwo8AAAAAAAAAAAAAFCszCTdtdmV8iFuH7Tnv0IUsSB6Jnb%2FNxphcvfQ89eebjl9hbqMpGK8ov%2FM34FrqfzhELuVlw4Yvfeq7g4gASIBA%2FFo2EA%3D,竖版视频,7.66E+18,74.21,"4,466",16.62,153,3.43%,0.49,2,37.11,1.31%,0,0,0.00%
-,高中生成绩差注意了！这套学霸笔记帮你全面提升，点击领取最新学习资料。,标题,7.66E+18,68.83,"3,530",19.5,98,2.78%,0.7,6,11.47,6.12%,0,0,0.00%
-,高中生注意了！这套学霸笔记，点击领取最新学习资料。,标题,7.66E+18,63.47,"2,229",28.47,45,2.02%,1.41,1,63.47,2.22%,0,0,0.00%
0708-引导-嘉丽-5.mp4,https://ad.oceanengine.com/material_center/outer/video_player?token=CnIDTU3UBH%2F0PuqqLMVIgjo%2FYcLEGtWFy0s3txx5K93bG0RnMBIYtOyN8O9H%2FXabZwAyK71rSb%2B%2FrPfUXrUGx7DcE52MdC7VxYwU6et3%2FbOKo8Xd6I2Jn4SgAcjj91iznP9w8NUULzwq5LjrGzt8E8QD6F0aSwo8AAAAAAAAAAAAAFCszCTdtdmV8iFuH7Tnv0IUsSB6Jnb%2FNxphcvfQ89eebjl9hbqMpGK8ov%2FM34FrqfzhELuVlw4Yvfeq7g4gASIBA2UdwcI%3D,竖版视频,7.66E+18,61.45,"1,476",41.63,19,1.29%,3.23,1,61.45,5.26%,0,0,0.00%
0709引导+v-瑞晨-6.mp4,https://ad.oceanengine.com/material_center/outer/video_player?token=CnKlWCORBIG0nvywwCIPBwuuaN%2Fx5P2xbRRzbh6IJUOLk%2F6fk2ZCaJuf52PT9rUznjo3qkXt%2B4rLwL%2F6%2F2an1yqo8O1QximHQMt7dca2cyYlTwf7YYtJZgWkTY6EyCuuYn4apc7FG4H6cezJWJ7hsdTKaWsaSwo8AAAAAAAAAAAAAFCszCTdtdmV8iFuH7Tnv0IUsSB6Jnb%2FNxphcvfQ89eebjl9hbqMpGK8ov%2FM34FrqfzhELuVlw4Yvfeq7g4gASIBA2r6w5g%3D,竖版视频,7.66E+18,59.66,"4,547",13.12,129,2.84%,0.46,2,29.83,1.55%,0,0,0.00%
-,AIGC动态创意素材暂不支持预览内容,竖版视频,7.66E+18,57.86,"3,390",17.07,83,2.45%,0.7,3,19.29,3.61%,0,0,0.00%
0713-浩正瑞晨引导-3.mp4.mp4,https://ad.oceanengine.com/material_center/outer/video_player?token=CnLU7HjAHEOCxhEI3AZIa4%2FjCuqv0STPgaMPckKll9y6IXdEoNkDcW73oa%2FJz6u3A98xAKj8rYeDsxJ%2FWbpXQ1Tcd6EPEYq0UX9DZ%2B5PuLL0ihL5t8%2BS3shTPftCdxoBzH%2FA3s2fkkWi%2F%2BnfAnOpTQlYG1saSwo8AAAAAAAAAAAAAFCszCTdtdmV8iFuH7Tnv0IUsSB6Jnb%2FNxphcvfQ89eebjl9hbqMpGK8ov%2FM34FrqfzhELuVlw4Yvfeq7g4gASIBAzpFXqg%3D,竖版视频,7.66E+18,57.8,"2,135",27.07,67,3.14%,0.86,0,0,0.00%,0,0,0.00%
0709引导+v-瑞晨-3.mp4,https://ad.oceanengine.com/material_center/outer/video_player?token=CnLch8A9r%2BW4Y633weAHegJxTxhuIIwPijD%2FlR%2B5D8h75MkjOjlyXyI2Yp4WmqTvbGLIMfPTPctsFMM4PE%2BjX4wxZyk55wnrcBBssjNg65OtAhbZon90Sv3D2cZdlo19eY7srEcn06LDnPqKMVm4%2F%2FNbmKEaSwo8AAAAAAAAAAAAAFCszCTdtdmV8iFuH7Tnv0IUsSB6Jnb%2FNxphcvfQ89eebjl9hbqMpGK8ov%2FM34FrqfzhELuVlw4Yvfeq7g4gASIBA6ZmONM%3D,竖版视频,7.66E+18,57.09,"3,478",16.41,113,3.25%,0.51,0,0,0.00%,0,0,0.00%
0716-引导-雅迪-1.mp4,https://ad.oceanengine.com/material_center/outer/video_player?token=CnLWYH0gKPbjiscAWd8oHqrWMN%2FKsrYhrlpkZ4T%2FPsKugI%2F7CGgz5aTjR7vxOckX%2BHNIGuTtY%2FgnbPvHmOkTzPeXhMB0jUEKgCP47nVwaMeiZNMJY%2BQSdXwyBkywXHl0kCHW6r0FGeLNZGR6QKCqg3XAJ%2BYaSwo8AAAAAAAAAAAAAFCszCTdtdmV8iFuH7Tnv0IUsSB6Jnb%2FNxphcvfQ89eebjl9hbqMpGK8ov%2FM34FrqfzhELuVlw4Yvfeq7g4gASIBA686H%2FM%3D,横版视频,7.66E+18,55.43,"3,279",16.9,164,5.00%,0.34,3,18.48,1.83%,0,0,0.00%
713-引导-小敏-1.mp4,https://ad.oceanengine.com/material_center/outer/video_player?token=CnKz8xeM5u0BZIBKrNgFI1bR%2B%2Fn2kqBcriBpwG8rmi20B0n2FrL6yOd0UzGFrjkwjjCbad6MSotb%2Bqs8FNvPNBgVDnHtYip4Uf4aWfyWM8GViJ3XmNbBY9SJ6Ku4V3OhWA2Q4AwqxQ03Zvqa1EswW2pK3awaSwo8AAAAAAAAAAAAAFCszCTdtdmV8iFuH7Tnv0IUsSB6Jnb%2FNxphcvfQ89eebjl9hbqMpGK8ov%2FM34FrqfzhELuVlw4Yvfeq7g4gASIBA40Yx5o%3D,竖版视频,7.66E+18,53.44,"2,440",21.9,161,6.60%,0.33,4,13.36,2.48%,0,0,0.00%
0713-浩正瑞晨引导-7.mp4.mp4,https://ad.oceanengine.com/material_center/outer/video_player?token=CnKuElKZfiQTMMUtq7b1wOav09qD%2FKQt1HdTmEmHaHqLEVageJmb%2FoOAGcyM72RtGzxYySSEri6W42FUqjH8pVH3blIAzWIuVuiJLDpZKy%2BWTTESn35ndhx1hxx9epI3NrntZEMQzOCJebsW46uN7ZAyH14aSwo8AAAAAAAAAAAAAFCszCTdtdmV8iFuH7Tnv0IUsSB6Jnb%2FNxphcvfQ89eebjl9hbqMpGK8ov%2FM34FrqfzhELuVlw4Yvfeq7g4gASIBA1lg%2FTI%3D,竖版视频,7.66E+18,51.89,"1,888",27.48,37,1.96%,1.4,3,17.3,8.11%,0,0,0.00%
微信视频2026-07-11_163704_323.mp4,https://ad.oceanengine.com/material_center/outer/video_player?token=CnL24esHsOdW9KK4updxwsRwvBOFcDPzN3hKAqBVpDglKexkQQ23bETfYWRjPTtiRPG6kowfnAvafPZxEz3iNUUirbdkI%2BWgmrQrWaTfaJYN5kq%2F4fKcRzzQx4NgfDg6U5wo7xbmykEVZztc%2Bpf4tBkpvnMaSwo8AAAAAAAAAAAAAFCszCTdtdmV8iFuH7Tnv0IUsSB6Jnb%2FNxphcvfQ89eebjl9hbqMpGK8ov%2FM34FrqfzhELuVlw4Yvfeq7g4gASIBA%2FnMlKc%3D,横版视频,7.66E+18,47.66,838,56.87,22,2.63%,2.17,1,47.66,4.55%,0,0,0.00%
-,高中生如何提升成绩？《学霸笔记》点击链接领取！,标题,7.66E+18,46.06,"1,027",44.85,36,3.51%,1.28,2,23.03,5.56%,0,0,0.00%
-,AIGC动态创意素材暂不支持预览内容,竖版视频,7.66E+18,42.25,935,45.19,17,1.82%,2.49,1,42.25,5.88%,0,0,0.00%
0713-引导-嘉丽-10.mp4,https://ad.oceanengine.com/material_center/outer/video_player?token=CnISnfuID0VTMNdKLD1yfkRqosr1kLv6iAGg1bt3tYtrKTDLcDX%2BhkReceSWIUMhZm6YCZpajnMO%2FLSEk6njtluzM%2Bwb3ERniQYX5%2F7l5NBP02n8Blv26bSB0EZJslY1GJ4mbmMZlZ%2Bwo%2BP%2FM2NzLFkFhp4aSwo8AAAAAAAAAAAAAFCszCTdtdmV8iFuH7Tnv0IUsSB6Jnb%2FNxphcvfQ89eebjl9hbqMpGK8ov%2FM34FrqfzhELuVlw4Yvfeq7g4gASIBA6SxQ2o%3D,竖版视频,7.66E+18,41.62,"1,814",22.94,140,7.72%,0.3,0,0,0.00%,0,0,0.00%
-,AIGC动态创意素材暂不支持预览内容,竖版视频,7.66E+18,36.07,"2,109",17.1,60,2.84%,0.6,4,9.02,6.67%,0,0,0.00%
0713-引导-小敏-2.mp4,https://ad.oceanengine.com/material_center/outer/video_player?token=CnLBWa1ZgAZbhyyZWFb45qYQT3XLXFbkJwUx141UKLMB2TNZkJRhQzk6MbF9pC8EHUC3OyHbT6H7I5LyYaLqqDrAXO8NSaB%2F3RsuENWgpEEHVg5eE%2FxUFDbss9fb8mL%2FtLkSIFWG%2F4ZCf23Si6u71azk5mUaSwo8AAAAAAAAAAAAAFCszCTdtdmV8iFuH7Tnv0IUsSB6Jnb%2FNxphcvfQ89eebjl9hbqMpGK8ov%2FM34FrqfzhELuVlw4Yvfeq7g4gASIBA3BOjPw%3D,竖版视频,7.66E+18,32.89,"1,476",22.28,58,3.93%,0.57,2,16.45,3.45%,0,0,0.00%
-,AIGC动态创意素材暂不支持预览内容,竖版视频,7.66E+18,31.16,"3,301",9.44,132,4.00%,0.24,2,15.58,1.52%,0,0,0.00%
0713-浩正瑞晨引导-8.mp4.mp4,https://ad.oceanengine.com/material_center/outer/video_player?token=CnL%2FTjHBiI9pLbtcbYR%2FKYYIYzsJ4Cxmw8dOElx6M0ftVenyJGV4tszVVP%2Bshp95SkYxtVQUpFCVELwNFHtpaBKC4zxzNSfv3vFbLRKll0jk3cOEhV104mcZgiIqf1yJRkUBqrd2j1GyuaOtyBiw%2F5M5CG8aSwo8AAAAAAAAAAAAAFCszCTdtdmV8iFuH7Tnv0IUsSB6Jnb%2FNxphcvfQ89eebjl9hbqMpGK8ov%2FM34FrqfzhELuVlw4Yvfeq7g4gASIBAygXwhY%3D,竖版视频,7.66E+18,29.52,858,34.41,31,3.61%,0.95,3,9.84,9.68%,0,0,0.00%
0713-引导-小敏-4.mp4,https://ad.oceanengine.com/material_center/outer/video_player?token=CnJKGUY1Gq4BLACl7qNfCXvh7BVS99dCvlOvC%2FSSZ25PRs58JChjDueocGxvLxRW0%2BYF90WXuVnhm9q8pJ9EEPs%2FqmqkS9K%2F0KY40LlhBRPotdNFpflagJPfhedRszYfGdUcPsIZhiDHnJFZ4zVim%2B%2BgPU4aSwo8AAAAAAAAAAAAAFCszCTdtdmV8iFuH7Tnv0IUsSB6Jnb%2FNxphcvfQ89eebjl9hbqMpGK8ov%2FM34FrqfzhELuVlw4Yvfeq7g4gASIBAzrKDE8%3D,竖版视频,7.66E+18,25.74,"1,126",22.86,48,4.26%,0.54,2,12.87,4.17%,0,0,0.00%
0710-引导-嘉丽-4.mp4,https://ad.oceanengine.com/material_center/outer/video_player?token=CnJm2BdB1kaup9Fz5nXZn%2B6hgLLXuP8UHvYl3LIQsnSNu8xZIRovU5kgKEZ%2BMcOOttWAwwevwCbdWSHvr1PBWpdIQKnLg2b0GzTk2xbbLrjBOvWmIMJzEhoK%2F%2F%2BYxg5HlA%2BKdFDiJPXwTXB8j1ZafVKRXScaSwo8AAAAAAAAAAAAAFCszCTdtdmV8iFuH7Tnv0IUsSB6Jnb%2FNxphcvfQ89eebjl9hbqMpGK8ov%2FM34FrqfzhELuVlw4Yvfeq7g4gASIBA%2FoxNCY%3D,竖版视频,7.66E+18,22.85,705,32.41,19,2.70%,1.2,0,0,0.00%,0,0,0.00%
0714-瑞浩引导修改-4.mp4,https://ad.oceanengine.com/material_center/outer/video_player?token=CnIEodchzytmAkW6jTFgd5c%2FjPEr%2BoRJmnTz1cPBGkzxSq3TtWZAHVTnFxwUzY2HnKWfxVb41rFjE9Zto18YS6K1vgEmf4yZNQhX6aXSUabQM%2BOKyr38rESSKg2ogODwdhQph%2FiGYjo%2FtxPk0IdDDMJjifQaSwo8AAAAAAAAAAAAAFCszCTdtdmV8iFuH7Tnv0IUsSB6Jnb%2FNxphcvfQ89eebjl9hbqMpGK8ov%2FM34FrqfzhELuVlw4Yvfeq7g4gASIBA3toIgs%3D,竖版视频,7.66E+18,21.47,753,28.51,26,3.45%,0.83,3,7.16,11.54%,0,0,0.00%
0716-引流瑞晨-1.mp4,https://ad.oceanengine.com/material_center/outer/video_player?token=CnKv0t5hI7XFpamwhF1tA808u06Rk409tlbsDNyF3uB3yAr9hTafbGIQGTwRrqlPEL%2Flt1dKofye8za8KYOolqMZgftWi2BrP2zYlSTxGvYv7KHf3%2F0GDWeYlfrcjYDgg6azNIBCeVbuo7GbsefW%2B1pNTGAaSwo8AAAAAAAAAAAAAFCszCTdtdmV8iFuH7Tnv0IUsSB6Jnb%2FNxphcvfQ89eebjl9hbqMpGK8ov%2FM34FrqfzhELuVlw4Yvfeq7g4gASIBA%2FWIWOw%3D,竖版视频,7.66E+18,20.68,683,30.28,20,2.93%,1.03,0,0,0.00%,0,0,0.00%
-,AIGC动态创意素材暂不支持预览内容,竖版视频,7.66E+18,19.47,507,38.4,19,3.75%,1.02,2,9.74,10.53%,0,0,0.00%
0713-引导-嘉丽-9.mp4,https://ad.oceanengine.com/material_center/outer/video_player?token=CnIYp6XplEg4jH%2F3WroVe6QL8dGKr4gYmwxOZE2piFrr7ehBRW0cL%2Fw%2BkXffvgsj3MLTgScZyd9JojuCeysq8peGi7JW5%2FoxQmVHvdc%2FdgXpU2EsYUZLkXuBECNLQ9a89Wbkd2d5U0e8tGyLTJkJXmWt9yYaSwo8AAAAAAAAAAAAAFCszCTdtdmV8iFuH7Tnv0IUsSB6Jnb%2FNxphcvfQ89eebjl9hbqMpGK8ov%2FM34FrqfzhELuVlw4Yvfeq7g4gASIBAy%2F7his%3D,竖版视频,7.66E+18,16.52,685,24.12,21,3.07%,0.79,1,16.52,4.76%,0,0,0.00%
-,AIGC动态创意素材暂不支持预览内容,竖版视频,7.66E+18,15.03,413,36.39,3,0.73%,5.01,0,0,0.00%,0,0,0.00%
0710-引导-嘉丽-5.mp4,https://ad.oceanengine.com/material_center/outer/video_player?token=CnIdRW4bkLCZLHqnQ9vTKPlQAatrwgNguX4MZsz3llIuoIk5dMITlxAYoqIDtIXnzzkOmqq4ChE5gPE16JUYdOx8JWuiHwHLvRY3Cyd%2BsNuAlVfhvwo7NIYOL5%2Bz%2BXTx2ru2M%2FP13riAQLHkW3MyPWVytTUaSwo8AAAAAAAAAAAAAFCszCTdtdmV8iFuH7Tnv0IUsSB6Jnb%2FNxphcvfQ89eebjl9hbqMpGK8ov%2FM34FrqfzhELuVlw4Yvfeq7g4gASIBA5lls5I%3D,竖版视频,7.66E+18,15,346,43.35,8,2.31%,1.88,1,15,12.50%,0,0,0.00%
0713-引导-嘉丽-2.mp4,https://ad.oceanengine.com/material_center/outer/video_player?token=CnIqaztmL4zte7hwncYnPAUGk0Kf%2B6fkpxpP4ciU7cQ74%2BCIBct3B7iogwoYOjwrTtPehptvIMs1Jbib28aY2qQkxAzIuOVterYT%2FEkx7ykLK3BYWgLxNXarzxyVIsJK09zPLYVTvyt5%2BzOf8EesHnZJbdkaSwo8AAAAAAAAAAAAAFCszCTdtdmV8iFuH7Tnv0IUsSB6Jnb%2FNxphcvfQ89eebjl9hbqMpGK8ov%2FM34FrqfzhELuVlw4Yvfeq7g4gASIBA2ibzDg%3D,竖版视频,7.66E+18,14.63,435,33.63,3,0.69%,4.88,0,0,0.00%,0,0,0.00%
-,AIGC动态创意素材暂不支持预览内容,竖版视频,7.66E+18,13.83,645,21.44,12,1.86%,1.15,0,0,0.00%,0,0,0.00%
-,AIGC动态创意素材暂不支持预览内容,竖版视频,7.66E+18,11.85,"1,230",9.63,48,3.90%,0.25,0,0,0.00%,0,0,0.00%
-,AIGC动态创意素材暂不支持预览内容,竖版视频,7.66E+18,11.76,652,18.04,15,2.30%,0.78,0,0,0.00%,0,0,0.00%
-,AIGC动态创意素材暂不支持预览内容,竖版视频,7.66E+18,10.35,451,22.95,8,1.77%,1.29,0,0,0.00%,0,0,0.00%
0714-魏怡引流-5.mp4,https://ad.oceanengine.com/material_center/outer/video_player?token=CnLFtKwu%2BHJpnIE4GSF%2BRYLkt7r7Kup%2BwZ0IPuU%2FXIHA9VYGzA92K46mpi6Uf7KET%2Bpr3COrOaBg1qYgvxFSGG49u6%2BtnnWFu7jmF9LRYvBxl%2B1Vhj8y6UGJYzO3lc%2BnZpsQCOWinzSkyOid1t%2FRcoIKGIwaSwo8AAAAAAAAAAAAAFCszCTdtdmV8iFuH7Tnv0IUsSB6Jnb%2FNxphcvfQ89eebjl9hbqMpGK8ov%2FM34FrqfzhELuVlw4Yvfeq7g4gASIBA2%2FTGfY%3D,竖版视频,7.66E+18,10.22,246,41.54,5,2.03%,2.04,2,5.11,40.00%,0,0,0.00%
0716-引导-嘉丽-1.mp4,https://ad.oceanengine.com/material_center/outer/video_player?token=CnKp6sZnjqF7v73Pif40djBfVUTFE7QFlDyKFBEto7TZyeOGX2mOT4K7r9x%2FE%2Bj6vmgzgOXTF5OHhHxMfJNRbkxNisRunS3A54dfFNZa2YY67gFGaE3LvvR82JFtKxmDqknuJ2qWA%2Fk6AaQfLtTZAjB4p9EaSwo8AAAAAAAAAAAAAFCszCTdtdmV8iFuH7Tnv0IUsSB6Jnb%2FNxphcvfQ89eebjl9hbqMpGK8ov%2FM34FrqfzhELuVlw4Yvfeq7g4gASIBA7ANL%2B0%3D,竖版视频,7.66E+18,9.95,337,29.53,12,3.56%,0.83,1,9.95,8.33%,0,0,0.00%
0716-引流瑞晨-9.mp4,https://ad.oceanengine.com/material_center/outer/video_player?token=CnKnVv7gHXRbBNmSaT1SW2XqowsWS%2B%2FuTO2V9pY9bQQoxtCZoI6qg56Y7bswwBaCOWaCpl5HJBF%2F%2Bie7aZAKlz11lLokzrZDmJ0NH2KS2GcGX6gmV1jRMnm9rPOWED2CKKGrYzaYWTb4CXdDoCRQopf4SjIaSwo8AAAAAAAAAAAAAFCszCTdtdmV8iFuH7Tnv0IUsSB6Jnb%2FNxphcvfQ89eebjl9hbqMpGK8ov%2FM34FrqfzhELuVlw4Yvfeq7g4gASIBAyq1e%2F0%3D,竖版视频,7.66E+18,9.34,380,24.58,20,5.26%,0.47,0,0,0.00%,0,0,0.00%
0713-引导-嘉丽-3.mp4,https://ad.oceanengine.com/material_center/outer/video_player?token=CnILm5eIuoONoMHmdIcj9YlmKAhrdIPL34kxxpQwoBOP09OGMCmEhiln83BBJXLl%2BOsbC2IFixn6FhKrjkOoxRlSvdLJKHDYICa%2BTd%2FHexRj2qt78TqoIwihljANntY%2Ft6S8j4G3PjqjyAtCi7rTwy01NnoaSwo8AAAAAAAAAAAAAFCszCTdtdmV8iFuH7Tnv0IUsSB6Jnb%2FNxphcvfQ89eebjl9hbqMpGK8ov%2FM34FrqfzhELuVlw4Yvfeq7g4gASIBA%2FubElc%3D,竖版视频,7.66E+18,7.5,210,35.71,5,2.38%,1.5,0,0,0.00%,0,0,0.00%
0713-引导-嘉丽-4.mp4,https://ad.oceanengine.com/material_center/outer/video_player?token=CnK6yA2QsZXCWCwaYOM5Qu2sp9pQ9oXTMG2Dd8qmJYRErdKqkFrjUJpCr1EkhL760xcwvBmMoGI9z%2Faur6fQBlnIZVKbJ7gxYvmkSb%2FgQ4oqhioJUNvDwEYr6Bc80HPmW%2FpAExFXyOjTLySM%2FQcsvWDC7lEaSwo8AAAAAAAAAAAAAFCszCTdtdmV8iFuH7Tnv0IUsSB6Jnb%2FNxphcvfQ89eebjl9hbqMpGK8ov%2FM34FrqfzhELuVlw4Yvfeq7g4gASIBAzwoCow%3D,横版视频,7.66E+18,6.78,370,18.32,10,2.70%,0.68,1,6.78,10.00%,0,0,0.00%
0710-引导-嘉丽-1.mp4,https://ad.oceanengine.com/material_center/outer/video_player?token=CnIsOSfFaH5Z33cOgvTPTPKgux1Ak8CRufdnntTECNuVDlv0aPyKW5onXwoBOno7gZlL1HmPWMUPVVslp2P5eWXreVqfsyyymHVFQ6UzpcIKIXqseLA%2Bq%2Bbzrh7w%2Fr2fZIKZsOl3pE95njRCxRVlsJzjecUaSwo8AAAAAAAAAAAAAFCszCTdtdmV8iFuH7Tnv0IUsSB6Jnb%2FNxphcvfQ89eebjl9hbqMpGK8ov%2FM34FrqfzhELuVlw4Yvfeq7g4gASIBA0bdMWU%3D,横版视频,7.66E+18,6.7,236,28.39,9,3.81%,0.74,0,0,0.00%,0,0,0.00%
0710-引导-嘉丽-8.mp4,https://ad.oceanengine.com/material_center/outer/video_player?token=CnK1qvbhNoBzokIPyOyGIfVeJQQo%2FU4JO5RYE3eRxGw%2FPoUmLUy117j0HtYD8IVQ89XK80HQLOfFYVbCp%2BONP62oEwDIJOxjBU8Z5eJnT8dI4LQXAzBnnQQB1xlha%2BehOLkg11xk8qe5VPq3o7qnEjRgIQ8aSwo8AAAAAAAAAAAAAFCszCTdtdmV8iFuH7Tnv0IUsSB6Jnb%2FNxphcvfQ89eebjl9hbqMpGK8ov%2FM34FrqfzhELuVlw4Yvfeq7g4gASIBAyaq6vg%3D,竖版视频,7.66E+18,6.55,112,58.48,10,8.93%,0.66,0,0,0.00%,0,0,0.00%
0713-引导-雅迪-1-改.mp4,https://ad.oceanengine.com/material_center/outer/video_player?token=CnJuMgdT0uCy24vmfcP1nWQiPhMr1OV5uInO1YDIUW3epU6lLPKaPOJBrkydL%2BlRJQCVZ63xLB3VQmSKwQOPPEp4Cef1WUIEDXqDAdpEfR7hXITmGbfPGXdCF7KD39Slwi25S4CMeR%2BpC7mmmKIDG6PEeloaSwo8AAAAAAAAAAAAAFCszCTdtdmV8iFuH7Tnv0IUsSB6Jnb%2FNxphcvfQ89eebjl9hbqMpGK8ov%2FM34FrqfzhELuVlw4Yvfeq7g4gASIBA7%2F8yIk%3D,竖版视频,7.66E+18,6.25,205,30.49,2,0.98%,3.13,0,0,0.00%,0,0,0.00%
0710引导-小敏-3.mp4,https://ad.oceanengine.com/material_center/outer/video_player?token=CnKlc%2BNrQAe6eVyVpyxjXOwx4yWvG9M4DiZLEBpEyP47ijgsSjO7YaRIYBTtMns8vRnxOoM2jRf1SvGkUGohCu%2BCTQYStpFcKRcwlu%2BsKjIdwfCSVF1gmkOd0XdJf7344ZqPeDQ%2FdicH6m4HNhc3GQU5OPUaSwo8AAAAAAAAAAAAAFCszCTdtdmV8iFuH7Tnv0IUsSB6Jnb%2FNxphcvfQ89eebjl9hbqMpGK8ov%2FM34FrqfzhELuVlw4Yvfeq7g4gASIBA1x8EyU%3D,竖版视频,7.66E+18,6.14,216,28.43,11,5.09%,0.56,0,0,0.00%,0,0,0.00%
0716-引流瑞晨-5.mp4,https://ad.oceanengine.com/material_center/outer/video_player?token=CnLwgJF0muiL4e9E6FE5S0oV7Uoa%2Bif8aD5PYKo32W1wFl%2FOrkriMGQt90qvZK48FkcIzDVixKdD%2F9VMf8f0vri29AFf4DJZ8WKFibtBzCON5lxaQlCLXlmgZzOBXowkKRBpGZEHwQrIGNsnT0aunBUo86IaSwo8AAAAAAAAAAAAAFCszCTdtdmV8iFuH7Tnv0IUsSB6Jnb%2FNxphcvfQ89eebjl9hbqMpGK8ov%2FM34FrqfzhELuVlw4Yvfeq7g4gASIBA6Rn%2FFY%3D,竖版视频,7.66E+18,6.03,329,18.33,10,3.04%,0.6,0,0,0.00%,0,0,0.00%
0715-魏怡引流-7.mp4,https://ad.oceanengine.com/material_center/outer/video_player?token=CnJEkADtwEkWrcDMGRmn2pAxJLrr7qvaWNv4wWyeHBLBTHAES5lSk5wpXTkGJDejs2qrV5GzqTbXjU7lhUHtwY6cLogf3oleSNYgfyDkWve6vXI5BIqIWl%2BfPy2H6PNuXzKT3hyTFpfskgiR5W2TORv%2Bd1UaSwo8AAAAAAAAAAAAAFCszCTdtdmV8iFuH7Tnv0IUsSB6Jnb%2FNxphcvfQ89eebjl9hbqMpGK8ov%2FM34FrqfzhELuVlw4Yvfeq7g4gASIBA7rPSts%3D,竖版视频,7.66E+18,5.97,172,34.71,3,1.74%,1.99,0,0,0.00%,0,0,0.00%
0716-引流瑞晨-6.mp4,https://ad.oceanengine.com/material_center/outer/video_player?token=CnJKr4cux6GzBJN9HaeJiq1BLxhgesShzwqR1a%2FUeZcUciOQixnp%2FJFTRh8xiBlu%2BoNYAYd%2FAK8UbS%2FMdT5Hs%2Bf6Uwl8rkJDipkcvDSP5%2BGuhRm7uFJfbGg6ckKShk%2By0r8uUMZ3jcfsmfp4%2BZ9JlZsSsZAaSwo8AAAAAAAAAAAAAFCszCTdtdmV8iFuH7Tnv0IUsSB6Jnb%2FNxphcvfQ89eebjl9hbqMpGK8ov%2FM34FrqfzhELuVlw4Yvfeq7g4gASIBA%2BjcmDE%3D,竖版视频,7.66E+18,5.94,245,24.24,11,4.49%,0.54,1,5.94,9.09%,0,0,0.00%
0716-引流瑞晨-2.mp4,https://ad.oceanengine.com/material_center/outer/video_player?token=CnJ7My0be8OpMY3gy09uDiEmjjn9oYDWdc1hjYxdMWEYeivi1vwaBDBU%2Baz3P%2Fs3%2FIzxfHIBLpqxKyqQU40DiV4LoFwoa5cSmsv89je0yLRaBxaSZmuGXDNy0oiKpr8%2BwSTKB1tc33ojc9MeARO94nHt4EcaSwo8AAAAAAAAAAAAAFCszCTdtdmV8iFuH7Tnv0IUsSB6Jnb%2FNxphcvfQ89eebjl9hbqMpGK8ov%2FM34FrqfzhELuVlw4Yvfeq7g4gASIBA9JwbJk%3D,竖版视频,7.66E+18,5.11,269,19,6,2.23%,0.85,0,0,0.00%,0,0,0.00%
0714-瑞浩引导修改-1.mp4,https://ad.oceanengine.com/material_center/outer/video_player?token=CnKGwccfCH046TvepothRuV1HzxsykK%2FvI1Wi7PYakZ1z6b6LFbpNstzZzkyxutLTaFCF%2B7c6TCQXfdX%2Bhgh8JdKKrCJKqPJlxssK%2B5KDtaS00Lhe8e4U7UmKq6HuImol2iIpWqAV5sjVQWGSzZlZgwAYIEaSwo8AAAAAAAAAAAAAFCszCTdtdmV8iFuH7Tnv0IUsSB6Jnb%2FNxphcvfQ89eebjl9hbqMpGK8ov%2FM34FrqfzhELuVlw4Yvfeq7g4gASIBAzWJu6Y%3D,竖版视频,7.66E+18,5.08,368,13.8,12,3.26%,0.42,0,0,0.00%,0,0,0.00%
0713-引导-嘉丽-5.mp4,https://ad.oceanengine.com/material_center/outer/video_player?token=CnKiRHOwDR87dLcnS4d3Q0lx0nulpGdPmP5CXHYyH3xe%2FNA%2FVDVAvsRJ0QFuGOFNq7RkAmyftIR0WDNTB3AmwtiodbXxSNK0QFDwkTO0ds%2BxmRS8a6P3B8U5gwvIBVHuCQ%2FX6GBBiKf4u1wIyr41fbWvTM4aSwo8AAAAAAAAAAAAAFCszCTdtdmV8iFuH7Tnv0IUsSB6Jnb%2FNxphcvfQ89eebjl9hbqMpGK8ov%2FM34FrqfzhELuVlw4Yvfeq7g4gASIBA%2BKUZ94%3D,竖版视频,7.66E+18,4.88,193,25.28,4,2.07%,1.22,0,0,0.00%,0,0,0.00%
-,AIGC动态创意素材暂不支持预览内容,竖版视频,7.66E+18,4.22,193,21.87,5,2.59%,0.84,0,0,0.00%,0,0,0.00%
0713-引导-嘉丽-1.mp4,https://ad.oceanengine.com/material_center/outer/video_player?token=CnLwRdgQ%2FnIaX3G61Y7MNEFg%2Fz1tVvk6%2Fz0m5TpShwoPXX4KIkyvQ57XSJa2kq3x5wqUTJYxlSSdmc8j8PB0H8EesAVrUqJpI00zvCHl%2FXiB5L7t%2BhTzaGGTJf8bsIGgxpRSBwCZtmjFVvZbx%2Fg2rG3bFU4aSwo8AAAAAAAAAAAAAFCszCTdtdmV8iFuH7Tnv0IUsSB6Jnb%2FNxphcvfQ89eebjl9hbqMpGK8ov%2FM34FrqfzhELuVlw4Yvfeq7g4gASIBA6t83gA%3D,竖版视频,7.66E+18,4.18,61,68.52,1,1.64%,4.18,1,4.18,100.00%,0,0,0.00%
0716-引流瑞晨-7.mp4,https://ad.oceanengine.com/material_center/outer/video_player?token=CnKcY0z3gurGuVWJC6aYg3p0xN62qa0acBnh8QCREZXHtmz%2B4IJo8tLLwhnbVUtPsf64wISdWEAmJliKc3fdklotmijCyS3SADrq1U6%2BN1hp%2F7sHGF94Gs475B1RoMGiio0c65z9OdmS1n24M%2FnI8651GBEaSwo8AAAAAAAAAAAAAFCszCTdtdmV8iFuH7Tnv0IUsSB6Jnb%2FNxphcvfQ89eebjl9hbqMpGK8ov%2FM34FrqfzhELuVlw4Yvfeq7g4gASIBAwb2mbE%3D,竖版视频,7.66E+18,3.97,232,17.11,13,5.60%,0.31,2,1.99,15.38%,0,0,0.00%
0713-引导-嘉丽-7.mp4,https://ad.oceanengine.com/material_center/outer/video_player?token=CnJLn00gK7MSVQ%2BcqfcKEnpjMfwaTaBM4%2BGOJSTq5n%2BDgCwqQry5mDQdi9g1GyUJIhpdZoUuoNLV2Coxc1vRujN4Vh7DxX1sJ%2BYeYtRnrnzit5AMiz2Slhl%2FYJDYfsXPAjYW0DQGY46ebMs3Q0CfMXFYSU0aSwo8AAAAAAAAAAAAAFCszCTdtdmV8iFuH7Tnv0IUsSB6Jnb%2FNxphcvfQ89eebjl9hbqMpGK8ov%2FM34FrqfzhELuVlw4Yvfeq7g4gASIBA75wFcA%3D,竖版视频,7.66E+18,3.82,98,38.98,6,6.12%,0.64,0,0,0.00%,0,0,0.00%
0710引导-小敏-4.mp4,https://ad.oceanengine.com/material_center/outer/video_player?token=CnKlC7PyIrow0sd%2FenkNvd%2BenZ2nWkXIDw%2Bp9VVgnHq3Hf7TXhOAXQpL3FgSWfsQdBs15bJHfWnhjcw7hHSgov7THcnAzYMxueqXmt8epsOp8Pcm7Ay3KoBdcGKXiKrXJ%2FysotXt7Wq5kqoZm9gw%2BZueOMMaSwo8AAAAAAAAAAAAAFCszCTdtdmV8iFuH7Tnv0IUsSB6Jnb%2FNxphcvfQ89eebjl9hbqMpGK8ov%2FM34FrqfzhELuVlw4Yvfeq7g4gASIBAzaT21g%3D,竖版视频,7.66E+18,3.59,135,26.59,8,5.93%,0.45,0,0,0.00%,0,0,0.00%
-,AIGC动态创意素材暂不支持预览内容,竖版视频,7.66E+18,3.33,138,24.13,4,2.90%,0.83,0,0,0.00%,0,0,0.00%
0716-引流瑞晨-3.mp4,https://ad.oceanengine.com/material_center/outer/video_player?token=CnK2Xp%2BxUeV4Gy0OaD1rEvT%2Fm28CCIMxiFYyYt5XB%2FRM3RQUd%2B1Wz1t1bcwPP8mEvFDeHVTL0sgXd56bQgYtLEz4Ugu1v5DHxshuzda6x2NKvkPpVF2lA6duAxCsIQFJSsQfq%2Fs8qATEygVkW153hwjGKp0aSwo8AAAAAAAAAAAAAFCszCTdtdmV8iFuH7Tnv0IUsSB6Jnb%2FNxphcvfQ89eebjl9hbqMpGK8ov%2FM34FrqfzhELuVlw4Yvfeq7g4gASIBA91FyuI%3D,竖版视频,7.66E+18,3.23,143,22.59,5,3.50%,0.65,0,0,0.00%,0,0,0.00%
0710-引导-嘉丽-2.mp4,https://ad.oceanengine.com/material_center/outer/video_player?token=CnKOOFflmUFTXW4RfbywNNKSzPjTkw6lZxE5m%2Bb8yPjCvRcUVKmszRXfe162fShF8lZLJH5s0fPDFgFtdPpiqoB3QCthVIonFCy7vUh3p%2FvJgxNh%2FcmUJ2yFHndwNc8b1llcMnhCMxtl%2FTB%2BfGKP3bwrgUMaSwo8AAAAAAAAAAAAAFCszCTdtdmV8iFuH7Tnv0IUsSB6Jnb%2FNxphcvfQ89eebjl9hbqMpGK8ov%2FM34FrqfzhELuVlw4Yvfeq7g4gASIBAx2QXzc%3D,横版视频,7.66E+18,3.09,87,35.52,3,3.45%,1.03,0,0,0.00%,0,0,0.00%
0715-魏怡引流5.mp4,https://ad.oceanengine.com/material_center/outer/video_player?token=CnL1L%2FRD48Ms%2BxRpYShMY9XM19knXaoMhZH2ZDKdoI7YSRyEmliUycdji%2BQlxFk7ZIppQO0fYqFsGGaORTmXyJGLLD44mv7yrxhRNJEbEXQ2Rx6ejM3ODwrF3NfgIuwnqImey2IPK1TFCHEdMzxh6tx2BBwaSwo8AAAAAAAAAAAAAFCszCTdtdmV8iFuH7Tnv0IUsSB6Jnb%2FNxphcvfQ89eebjl9hbqMpGK8ov%2FM34FrqfzhELuVlw4Yvfeq7g4gASIBAzmP2WM%3D,竖版视频,7.66E+18,2.44,49,49.8,2,4.08%,1.22,0,0,0.00%,0,0,0.00%
0710引导-小敏-5.mp4,https://ad.oceanengine.com/material_center/outer/video_player?token=CnIdzGzZzBdCvHePD5RqN%2BX4ipUSeaPJN5ZwUNuvvCyAOxdfDSjc0QjXN5dXQ3cvfBQCV71%2FulL%2FchFJoQI4XI3ca4rwGUVLLIoT9Zvfr%2BjOJAhMFsxmTj86SG3KiisKIXkemfJ82%2BlA0Bvv2%2F7nNTEIFBMaSwo8AAAAAAAAAAAAAFCszCTdtdmV8iFuH7Tnv0IUsSB6Jnb%2FNxphcvfQ89eebjl9hbqMpGK8ov%2FM34FrqfzhELuVlw4Yvfeq7g4gASIBAxZxo9U%3D,竖版视频,7.66E+18,2.39,88,27.16,4,4.55%,0.6,0,0,0.00%,0,0,0.00%
0714-魏怡引流-3.mp4,https://ad.oceanengine.com/material_center/outer/video_player?token=CnJyeTWi7XCtQKAH6Irnr1YQssPM8E%2BFzsPg0RrpmnJyOemrbjf4XEwjvMbAC5KnpsF3DlOu9Bx4bNRExvtQv6pXxMroriAoLDMqkK7WF4PECdE6H%2BfB%2B%2BXxgGW%2BOYJz52ou%2FzTfSqaUvLYfk%2BPvUPADdxoaSwo8AAAAAAAAAAAAAFCszCTdtdmV8iFuH7Tnv0IUsSB6Jnb%2FNxphcvfQ89eebjl9hbqMpGK8ov%2FM34FrqfzhELuVlw4Yvfeq7g4gASIBAyhfneI%3D,竖版视频,7.66E+18,2.38,89,26.74,3,3.37%,0.79,0,0,0.00%,0,0,0.00%
0715瑞晨2次修改-3.mp4,https://ad.oceanengine.com/material_center/outer/video_player?token=CnKjM3xhgIR1Q06tTUXHLOjApfEUixDTFhADJvjTkN1EfmJAOw9ilqZu6IiK3B9DJot%2FKVO310QigJ9V5hLmKu7q%2FjF%2FVSQf0NH8J7McF8XluLqK34IHmMHx33d%2BpE6zgR%2F8OjLMfi8gK5fEkCU9Ue8gj40aSwo8AAAAAAAAAAAAAFCszCTdtdmV8iFuH7Tnv0IUsSB6Jnb%2FNxphcvfQ89eebjl9hbqMpGK8ov%2FM34FrqfzhELuVlw4Yvfeq7g4gASIBA34wJcQ%3D,竖版视频,7.66E+18,2.14,40,53.5,0,0.00%,0,0,0,0.00%,0,0,0.00%
0714-魏怡引流-6.mp4,https://ad.oceanengine.com/material_center/outer/video_player?token=CnJ2l0Ir2b53ZQki9KpFZxpuXaHXf%2BkIa46SYtbzA9nVOpWjTxUNFiiDjM75LyzQv5D8a4PE4dD8snxXYFjlhLqQQsKjKXX37oBiQd1r2axhStgLoGeyLuq5oWku2cUUUpHlxYR2JyQzB9yF6RNheYf4ZTAaSwo8AAAAAAAAAAAAAFCszCTdtdmV8iFuH7Tnv0IUsSB6Jnb%2FNxphcvfQ89eebjl9hbqMpGK8ov%2FM34FrqfzhELuVlw4Yvfeq7g4gASIBA96%2FKyg%3D,竖版视频,7.66E+18,1.94,42,46.19,1,2.38%,1.94,0,0,0.00%,0,0,0.00%
0715-魏怡引流-6.mp4,https://ad.oceanengine.com/material_center/outer/video_player?token=CnIBPX3zRguFUWFhndHk3V3i7lYhPmYBqnnNuTrE9wBnoyfxA9FG3DtEdWgcuLzExzmNZkEn906sg8o7jCpEAXFi335Svn2ISe%2FIyA4sEm7q1m3Kl4MO%2BkdpEyqMKk%2Fpq%2FZMHJjETwAhbUFgJZ%2BbJJ8SiHIaSwo8AAAAAAAAAAAAAFCszCTdtdmV8iFuH7Tnv0IUsSB6Jnb%2FNxphcvfQ89eebjl9hbqMpGK8ov%2FM34FrqfzhELuVlw4Yvfeq7g4gASIBA0Rn%2BSM%3D,竖版视频,7.66E+18,1.76,23,76.52,2,8.70%,0.88,0,0,0.00%,0,0,0.00%
0710引导-小敏-2.mp4,https://ad.oceanengine.com/material_center/outer/video_player?token=CnIXWssgTw4wyRFZblmw%2BOatY8Qlu65sZl34Zd620y3XbCVrA93U2SSIRXv1zooBHgMNohv%2FZF6Li6i5je%2FZvhg2qee9Qqtq8BssAipiEZBufRazsG2YKsioxVJsU3zLDw8S190rEMeiUbm9yMuQOniJftsaSwo8AAAAAAAAAAAAAFCszCTdtdmV8iFuH7Tnv0IUsSB6Jnb%2FNxphcvfQ89eebjl9hbqMpGK8ov%2FM34FrqfzhELuVlw4Yvfeq7g4gASIBA8J%2FhIQ%3D,竖版视频,7.66E+18,1.56,60,26,3,5.00%,0.52,0,0,0.00%,0,0,0.00%
-,AIGC动态创意素材暂不支持预览内容,竖版视频,7.66E+18,0.25,51,4.9,1,1.96%,0.25,0,0,0.00%,0,0,0.00%
-,别再因为数学而困扰；这套全科学霸笔记，点击领取最新学习资料。,标题,7.66E+18,732.79,"27,838",26.32,"1,411",5.07%,0.52,37,19.81,2.62%,0,0,0.00%
微信视频_20260711163659.mp4,https://ad.oceanengine.com/material_center/outer/video_player?token=CnL6n2z2S6wp71z48UPgW4AdAswsrCGBqqRjF4Mye5GALYWX5RE6Dw6vzLh0xc2TwIxpDmcJxkBiQgaIDl%2FOVoNvDVghkIpxtTRXx%2BpuLDTz5JtwaAjTEt5qCWPBB7crlfvJ2iwPcnMwJFh6AhA7Iv%2BIJ4UaSwo8AAAAAAAAAAAAAFCszCTdtdmV8iFuH7Tnv0IUsSB6Jnb%2FNxphcvfQ89eebjl9hbqMpGK8ov%2FM34FrqfzhEL%2BTlw4Yvfeq7g4gASIBAwFsOd4%3D,横版视频,7.66E+18,606.33,"38,695",15.67,411,1.06%,1.48,33,18.37,8.03%,0,0,0.00%
-,高中生学习成绩不好？那是你没用对方法！这套学霸笔记，可以帮助你！,标题,7.66E+18,424.25,"25,917",16.37,285,1.10%,1.49,26,16.32,9.12%,0,0,0.00%
0715瑞晨引流-2.mp4,https://ad.oceanengine.com/material_center/outer/video_player?token=CnLy0fZyouE6eO1%2BFo7CkzpiBuObvp%2FssVDAkDWXj%2BmbCDDEPjHbc%2BTWOGLLGaLAjWjt5Pl1EGN18EZ2OFkOSRTcHn3RrEjRJ6ajrQo1IJrVnrGdca2PeWGiAGnbvNs%2FV5M%2BiPeUJMkaD5nQt0FVBFgCPLcaSwo8AAAAAAAAAAAAAFCszCTdtdmV8iFuH7Tnv0IUsSB6Jnb%2FNxphcvfQ89eebjl9hbqMpGK8ov%2FM34FrqfzhEL%2BTlw4Yvfeq7g4gASIBA%2Bs%2FI38%3D,竖版视频,7.66E+18,251.62,"6,802",36.99,256,3.76%,0.98,9,27.96,3.52%,0,0,0.00%
0714瑞晨引流修改-7.mp4,https://ad.oceanengine.com/material_center/outer/video_player?token=CnJfhgFsLJEjr94v%2BrZ93%2Fj%2BVPImpWzb6WAdWLS6gbxTIJQKyCKVv3JPUc%2FzixnZVOSeWcKC4irWLHNK7Q%2BtKsEQn7tcuLb1unjWg7exHnj273RkAlaNdBq50GtsUpdmxTdN2Spk8Rgj7XC7UbsPVmfWTXIaSwo8AAAAAAAAAAAAAFCszCTdtdmV8iFuH7Tnv0IUsSB6Jnb%2FNxphcvfQ89eebjl9hbqMpGK8ov%2FM34FrqfzhEL%2BTlw4Yvfeq7g4gASIBA9hDrWg%3D,竖版视频,7.66E+18,235.39,"11,869",19.83,800,6.74%,0.29,12,19.62,1.50%,0,0,0.00%
-,高中生注意了；这套学霸笔记帮助你全面提升，点击链接领取！,标题,7.66E+18,215.11,"13,777",15.61,161,1.17%,1.34,9,23.9,5.59%,0,0,0.00%
0715瑞晨引流-1.mp4,https://ad.oceanengine.com/material_center/outer/video_player?token=CnKHQYHqfEeQQNO32dRJs63LakNSDApmIKtoPcyNXTyfptH5o%2BxQxJ353zwMcsL%2Fut3QLJ7zS%2F%2BJg1YeTmpTBCwHXr5DOwoZ8ZtDyu%2FLRStiZVWsambHAzAN4cEzQUi%2BjKjC9sDgzyxCn5%2FaMznTHaytAO0aSwo8AAAAAAAAAAAAAFCszCTdtdmV8iFuH7Tnv0IUsSB6Jnb%2FNxphcvfQ89eebjl9hbqMpGK8ov%2FM34FrqfzhEL%2BTlw4Yvfeq7g4gASIBAw7KrRY%3D,竖版视频,7.66E+18,212.14,"7,906",26.83,308,3.90%,0.69,14,15.15,4.55%,0,0,0.00%
0714-引流-魏怡-5.mp4,https://ad.oceanengine.com/material_center/outer/video_player?token=CnJ%2FqKJrgHeKqfAUbb59jXOQpDwZlkqAsJPHqEIeZ0jhOmUuud2eSMTAHTSYax1lJA4oktGwDc9uJhf3MuebD6tQ3rUUkBwfgbGBhiwFx5mHysTSXeAQ9yTGol9AWkUSVWyVZw1y83Mde6Z%2BJoXpJnQBN6saSwo8AAAAAAAAAAAAAFCszCTdtdmV8iFuH7Tnv0IUsSB6Jnb%2FNxphcvfQ89eebjl9hbqMpGK8ov%2FM34FrqfzhEL%2BTlw4Yvfeq7g4gASIBA8G4FhI%3D,竖版视频,7.66E+18,159.3,"3,138",50.76,84,2.68%,1.9,8,19.91,9.52%,0,0,0.00%
-,后悔才知道！高中学霸笔记竟然这么简单，原来是这样学的！点击领取电子版～,标题,7.66E+18,97.92,"2,014",48.62,54,2.68%,1.81,7,13.99,12.96%,0,0,0.00%
-,高中别盲目刷题！这套学霸笔记才是重点，点击链接领取电子版！,标题,7.66E+18,92.19,"3,041",30.32,152,5.00%,0.61,5,18.44,3.29%,0,0,0.00%
0714瑞晨引流修改-15.mp4,https://ad.oceanengine.com/material_center/outer/video_player?token=CnJFCnce%2F8D2Z0RY2gOP%2Fp%2BdTLDrkVvjJwp3sQw2qpVAc9fO7z3zhKNtv8MEnu5SlxGGwG0KB5nYsKen9MSawDCT4vkjfHHWa1H%2FO%2B68UM64f9YkEKA3sHxDV9TShdMMwyBG5i9TBKABuq69s85AdgSu8eoaSwo8AAAAAAAAAAAAAFCszCTdtdmV8iFuH7Tnv0IUsSB6Jnb%2FNxphcvfQ89eebjl9hbqMpGK8ov%2FM34FrqfzhEL%2BTlw4Yvfeq7g4gASIBAzr%2FlpA%3D,竖版视频,7.66E+18,76.75,"2,769",27.72,141,5.09%,0.54,3,25.58,2.13%,0,0,0.00%
0708-引导-嘉丽-4.mp4,https://ad.oceanengine.com/material_center/outer/video_player?token=CnLPC6YfNA3G3bx21FNJ2Qrcpo13Q4RryXnxWr%2F9O6Es85DrNn%2BGZs5gTo6t0y0LUDwi9Lajvn1K5g95mihjt1Tmu9QQoiSm3vj6%2FgFC2cGoCvmZl1n6VOLppc%2FSXQh2jcaVKNhOm1piCxLtjjH6sf2uQAEaSwo8AAAAAAAAAAAAAFCszCTdtdmV8iFuH7Tnv0IUsSB6Jnb%2FNxphcvfQ89eebjl9hbqMpGK8ov%2FM34FrqfzhEL%2BTlw4Yvfeq7g4gASIBA%2F8AubM%3D,竖版视频,7.66E+18,74.94,"3,302",22.7,54,1.64%,1.39,5,14.99,9.26%,0,0,0.00%
-,本地高中生学习方法，刷到就是赚到，点击链接免费领取电子版！,标题,7.66E+18,63.48,"1,203",52.77,30,2.49%,2.12,1,63.48,3.33%,0,0,0.00%
-,高二高三成绩第一的秘诀，没有计划的直接抄；点击链接领取学霸笔记！,标题,7.66E+18,58.06,"2,751",21.11,31,1.13%,1.87,3,19.35,9.68%,0,0,0.00%
0714-引导-嘉丽-2.mp4,https://ad.oceanengine.com/material_center/outer/video_player?token=CnKSGXbL5TbmUI56tJI7%2BxCgY3yYncstxUHUtfZuTuOLjz0vHxdhLeZijKo2LW0ZV2JRYTa5Yied7%2Bk5elkgSCyCp7RfxL%2F13zAYgL9KIjwuWc5femlIjMRTT6mTj%2FE840Q9RH4TpWdyrUaG3EEWVRJAwjoaSwo8AAAAAAAAAAAAAFCszCTdtdmV8iFuH7Tnv0IUsSB6Jnb%2FNxphcvfQ89eebjl9hbqMpGK8ov%2FM34FrqfzhEL%2BTlw4Yvfeq7g4gASIBA9p03Js%3D,竖版视频,7.66E+18,45.73,"1,075",42.54,21,1.95%,2.18,4,11.43,19.05%,0,0,0.00%
-,高中注意了！高中全科学霸笔记，助力高效提分，点击链接领取电子版！,标题,7.66E+18,44.57,"1,065",41.85,21,1.97%,2.12,4,11.14,19.05%,0,0,0.00%
-,刷到就赚到了！高中全科笔记，点击链接就可以，快来领取吧！,标题,7.66E+18,34.4,777,44.27,21,2.70%,1.64,1,34.4,4.76%,0,0,0.00%
-,高分提分学霸笔记，刷到就是赚到～点击链接领取专属资料！,标题,7.66E+18,30.89,480,64.35,10,2.08%,3.09,1,30.89,10.00%,0,0,0.00%
0715瑞晨引流修改-4.mp4,https://ad.oceanengine.com/material_center/outer/video_player?token=CnK%2BLqrvpcDbFBgYmC5h3kRS47tyoMQHJ5eWDdVRwOCn7IE8yezxy1cx3fmhOkiDraqmXD12R8hSxyaLWsfpi%2BzfMneYR4fybLi0DclHNETPsZqNQkhIgnzXQzjJYdB6%2FSFMAFGs23Jwni4LBFBw3C%2FPZvoaSwo8AAAAAAAAAAAAAFCszCTdtdmV8iFuH7Tnv0IUsSB6Jnb%2FNxphcvfQ89eebjl9hbqMpGK8ov%2FM34FrqfzhEL%2BTlw4Yvfeq7g4gASIBAyq%2BoJY%3D,竖版视频,7.66E+18,28.07,859,32.68,34,3.96%,0.83,4,7.02,11.76%,0,0,0.00%
0714-引导-嘉丽-1.mp4,https://ad.oceanengine.com/material_center/outer/video_player?token=CnLNB%2BM4yZBkQUjfRkN5BLq8V%2FOVcLZjNyNgM3Je%2Bm0gxUAT%2Bc2%2F6FKU5a%2FM%2BjMta8hlmzGCcoXk6pDYkkuKXr9dqTjZs3LUeMqqC2njjTBN8K5X%2FqbaedkumNuLS3AwgrUiLRHcNVShdCUG318dChsk0b0aSwo8AAAAAAAAAAAAAFCszCTdtdmV8iFuH7Tnv0IUsSB6Jnb%2FNxphcvfQ89eebjl9hbqMpGK8ov%2FM34FrqfzhEL%2BTlw4Yvfeq7g4gASIBA5gvLtk%3D,竖版视频,7.66E+18,26.18,648,40.4,20,3.09%,1.31,1,26.18,5.00%,0,0,0.00%
0715瑞晨引流修改-3.mp4,https://ad.oceanengine.com/material_center/outer/video_player?token=CnKSw%2BSaOUH2p9dRfLxMS%2BKma9aZqXMivHlovzQwqn5wOlo2%2BNM7bIzEPd66waTb72mDFs5JOcDN98Mw5DhyxlXhmb6TrUn%2BSz4yS%2BhXGSNv3w22p90uMsZD%2Fw6B5KZCO60DfmKYqODNcehf%2B8tKfYSDDScaSwo8AAAAAAAAAAAAAFCszCTdtdmV8iFuH7Tnv0IUsSB6Jnb%2FNxphcvfQ89eebjl9hbqMpGK8ov%2FM34FrqfzhEL%2BTlw4Yvfeq7g4gASIBA%2F5GWOw%3D,竖版视频,7.66E+18,25.84,615,42.02,21,3.41%,1.23,0,0,0.00%,0,0,0.00%
0714-引导-小敏-2.mp4,https://ad.oceanengine.com/material_center/outer/video_player?token=CnJUIX8JpNsikuA6aESlG%2BwnEhtcrY%2F5ghyQ%2BmyHr7%2Fj%2BzH8vU4T4WBEJHTLqRw8YDooIc5E4%2FnsCYEQBLmDocwMK6YnjNJrzp1WTb5mXSK36I0DQWLVIle0o91U0e3sHg3ZH54SZDqk%2BGHuEBl%2BWQBgpEQaSwo8AAAAAAAAAAAAAFCszCTdtdmV8iFuH7Tnv0IUsSB6Jnb%2FNxphcvfQ89eebjl9hbqMpGK8ov%2FM34FrqfzhEL%2BTlw4Yvfeq7g4gASIBA9wTtC4%3D,竖版视频,7.66E+18,11.43,209,54.69,6,2.87%,1.91,0,0,0.00%,0,0,0.00%
-,AIGC动态创意素材暂不支持预览内容,竖版视频,7.66E+18,9.5,376,25.27,8,2.13%,1.19,0,0,0.00%,0,0,0.00%
0714-瑞晨引导-11.mp4,https://ad.oceanengine.com/material_center/outer/video_player?token=CnKswNvxXXJjmAp3l9tHehCSHRtQATBleN6fedpcEoWhdmzI5lDEZi68QbITwNtdZNWfgaGKG0p9uP5YeHeEedrtGYjOzO%2FeEPgMQv3xBUfhUKJ9chXJIkVcluIQAAe00%2FzYk9%2FeAg1Rg4gnPYvnmax19FcaSwo8AAAAAAAAAAAAAFCszCTdtdmV8iFuH7Tnv0IUsSB6Jnb%2FNxphcvfQ89eebjl9hbqMpGK8ov%2FM34FrqfzhEL%2BTlw4Yvfeq7g4gASIBAys1NPw%3D,竖版视频,7.66E+18,8.48,172,49.3,4,2.33%,2.12,1,8.48,25.00%,0,0,0.00%
-,后悔才知道！高中学霸笔记竟然这么简单，原来是这样学的！,标题,7.66E+18,5.6,80,70,4,5.00%,1.4,1,5.6,25.00%,0,0,0.00%
-,高中生的福利来啦！高中全科学霸笔记，助力高效提分,标题,7.66E+18,5.42,124,43.71,5,4.03%,1.08,0,0,0.00%,0,0,0.00%
微信视频2026-07-11_163704_323.mp4,https://ad.oceanengine.com/material_center/outer/video_player?token=CnI1f7465uGXI0V13fIFNTSdq%2FI2qcAiNlD7e4RggYB%2Bra%2F1voV0M0uvz8Ifzsr7q0tLZ%2B%2FMwDtu%2FsqKgAcH0Qu7uM75LWGbE%2FTe4h6FNavKiba%2FLopud0bmKBom3xxQdOgnhVKEqR5XheXzJWynOgmwzXAaSwo8AAAAAAAAAAAAAFCszCTdtdmV8iFuH7Tnv0IUsSB6Jnb%2FNxphcvfQ89eebjl9hbqMpGK8ov%2FM34FrqfzhEL%2BTlw4Yvfeq7g4gASIBA4nhLoM%3D,横版视频,7.66E+18,4.29,54,79.44,2,3.70%,2.15,0,0,0.00%,0,0,0.00%
0715-引导-小敏-7.mp4,https://ad.oceanengine.com/material_center/outer/video_player?token=CnKJVPsAoBSQ25aaNfEMHSGOgWWDapij057u2ID8TV1WRTJwg1%2BB3MhbycBQa3r808LvxFdsXfuDq9vQxiWeBBlIpcbfEHrD9j1xA2kj5NLJDCm%2FVChQ96NlRtMytZFryUK6S%2Bc8ucGPIow98MrQ6PaCi8kaSwo8AAAAAAAAAAAAAFCszCTdtdmV8iFuH7Tnv0IUsSB6Jnb%2FNxphcvfQ89eebjl9hbqMpGK8ov%2FM34FrqfzhEL%2BTlw4Yvfeq7g4gASIBAzkdpTU%3D,竖版视频,7.66E+18,2.62,12,218.33,0,0.00%,0,0,0,0.00%,0,0,0.00%
0714-瑞晨引导-9.mp4,https://ad.oceanengine.com/material_center/outer/video_player?token=CnKRaVWbudxl8NI450P6sUNJK9Q%2Fz6si5Vwvx%2BnGFi6%2BGRt208mc5OjDBD5Y2nLyZUWLGPgzSxObA2nKtd1OHo05IrjrsBG6IrO6yV0uNGPVh3EyXmxJZ1yQor0UJUEJ9RU4nPjUkhxVH6htBPZoohHZReYaSwo8AAAAAAAAAAAAAFCszCTdtdmV8iFuH7Tnv0IUsSB6Jnb%2FNxphcvfQ89eebjl9hbqMpGK8ov%2FM34FrqfzhEL%2BTlw4Yvfeq7g4gASIBA3cGWsE%3D,竖版视频,7.66E+18,2.56,58,44.14,0,0.00%,0,0,0,0.00%,0,0,0.00%
0714-瑞晨引导-14.mp4,https://ad.oceanengine.com/material_center/outer/video_player?token=CnIdHwI4FUlS0zG9N47get2%2B6Coy7z65wdCmhiObE2FJ2YGtYOSl%2BQ6Yrr0sjDMxcPBIo4VKt%2FcM7X8CLlzSRAVy9bFTtvroDggsejX1NMaSTds61DbBbu2GBAzxS%2BSYOcXU1jVOuggcN7mEwyhmdFjgR80aSwo8AAAAAAAAAAAAAFCszCTdtdmV8iFuH7Tnv0IUsSB6Jnb%2FNxphcvfQ89eebjl9hbqMpGK8ov%2FM34FrqfzhEL%2BTlw4Yvfeq7g4gASIBA0KsP1k%3D,竖版视频,7.66E+18,2.49,57,43.68,2,3.51%,1.25,0,0,0.00%,0,0,0.00%
微信视频_20260711163647.mp4,https://ad.oceanengine.com/material_center/outer/video_player?token=CnJFtktW1tx0FvtU%2FLKW2ZZnraGFr2x9FMROzSZVspQHgX8i9bs0p6SovdTkvmAETevJzq5MtS1de1X20TjhhiqLJ26xuPVXMGeqO%2BrW6zJjbtELx0NA7BuCswYzM1aXhThhVSsVcw7efNniCwbbhdt0J%2FoaSwo8AAAAAAAAAAAAAFCszCTdtdmV8iFuH7Tnv0IUsSB6Jnb%2FNxphcvfQ89eebjl9hbqMpGK8ov%2FM34FrqfzhEL%2BTlw4Yvfeq7g4gASIBA%2F2Vbd0%3D,横版视频,7.66E+18,2.36,18,131.11,2,11.11%,1.18,0,0,0.00%,0,0,0.00%
0714-瑞晨引导-5.mp4,https://ad.oceanengine.com/material_center/outer/video_player?token=CnKHj8SqWSsSrxbISMCPo2vDFFiJ1A66h4cVmHFUj3x5fVOpD7ODSLMrbjQOZptXl2COIXVGjuNfu3idAlm0nRHSvTfEt8xjHjPw%2FtR7Twt2UPf8GsYgH3L47hFXCHZfqOa7GA0GxOY9OFJDPiBHQuvgvI8aSwo8AAAAAAAAAAAAAFCszCTdtdmV8iFuH7Tnv0IUsSB6Jnb%2FNxphcvfQ89eebjl9hbqMpGK8ov%2FM34FrqfzhEL%2BTlw4Yvfeq7g4gASIBA9mo%2Fks%3D,竖版视频,7.66E+18,2.18,44,49.55,1,2.27%,2.18,0,0,0.00%,0,0,0.00%
0716-引导-小敏-2.mp4,https://ad.oceanengine.com/material_center/outer/video_player?token=CnKUMvzhrgvG1%2FHF7LzWqN8F%2F75CkfslZcXwaPZdllMT0x2LzuE5JYH85RKt7tVxoadW5%2Bv15x3SgTEislVyWaaRGz%2FDVhyu1mAacuhAa%2BOZyFpmydheMHkkaUgmfWFYet4KReZcePfhJHnVIHyN7APsgLIaSwo8AAAAAAAAAAAAAFCszCTdtdmV8iFuH7Tnv0IUsSB6Jnb%2FNxphcvfQ89eebjl9hbqMpGK8ov%2FM34FrqfzhEL%2BTlw4Yvfeq7g4gASIBA8VM2gk%3D,竖版视频,7.66E+18,1.86,11,169.09,0,0.00%,0,0,0,0.00%,0,0,0.00%
0714-瑞晨引导-4.mp4,https://ad.oceanengine.com/material_center/outer/video_player?token=CnIiLZM7nPUy4SrEmnUyXHsUzbG9K9s8iDUPBwzLpCI6oH%2BpItP%2FQ5%2B9bByqW%2Fff7HlZJ7AsOLID7ha0zQ8DqBK6GhyGk2fEb3dxLUag99N9iTs1GvoCvrIQrKnN9bYrlfhTzwF485V3gXLUXq%2BZ7%2Fyj7FUaSwo8AAAAAAAAAAAAAFCszCTdtdmV8iFuH7Tnv0IUsSB6Jnb%2FNxphcvfQ89eebjl9hbqMpGK8ov%2FM34FrqfzhEL%2BTlw4Yvfeq7g4gASIBAy9OOjI%3D,竖版视频,7.66E+18,1.73,43,40.23,2,4.65%,0.87,0,0,0.00%,0,0,0.00%
0714-瑞晨引导-12.mp4,https://ad.oceanengine.com/material_center/outer/video_player?token=CnJXK1SlvpP91heCdti7h4YOOH8TfAWHtYCzhhiFrwXtsPy4PmxLg9AIVtwtRbjI%2BRI3N2DStdBBru1jgXcMX4RGdti1GPPLeZuWpb9VsJcCkRO6y0EcLy4ZblJbX6UBNVcXQrRoc%2BQwXvLkWAAX%2BSZXuNIaSwo8AAAAAAAAAAAAAFCszCTdtdmV8iFuH7Tnv0IUsSB6Jnb%2FNxphcvfQ89eebjl9hbqMpGK8ov%2FM34FrqfzhEL%2BTlw4Yvfeq7g4gASIBA2XBNFg%3D,竖版视频,7.66E+18,1.14,36,31.67,0,0.00%,0,0,0,0.00%,0,0,0.00%
0714-瑞晨引导-2.mp4,https://ad.oceanengine.com/material_center/outer/video_player?token=CnJnepDolNtVZf2vVUhc1MC2KsqkKdNkUc3kDIjhjQOKSt0r%2Fyv1fFF9cSq1PBJnbaF1krfDZSNkMI0EdBENTj7U7TemuIEn1T1EsQJIXhv8oXHMS6Pi1MO5KdEwII6PlIeEr19oOE2tQNBuS%2B%2BwNS%2Fjl6AaSwo8AAAAAAAAAAAAAFCszCTdtdmV8iFuH7Tnv0IUsSB6Jnb%2FNxphcvfQ89eebjl9hbqMpGK8ov%2FM34FrqfzhEL%2BTlw4Yvfeq7g4gASIBA7u31v0%3D,竖版视频,7.66E+18,1.08,17,63.53,1,5.88%,1.08,0,0,0.00%,0,0,0.00%
0714-瑞晨引导-13.mp4,https://ad.oceanengine.com/material_center/outer/video_player?token=CnLaoNHH0CWZ%2B6c4pLefvXpwjRPDBs3erXIetjBuyAV%2Ftiw9If%2B8Gcim2W5hbGEdTK6VR7y9zQuithtvUeqs1zj4fgsAbo89HL5KdrZp0gIXbwkWlS0umBdLXZm%2Fc83Haf1kRslDlQTTGx8EXC7x%2BSvtkacaSwo8AAAAAAAAAAAAAFCszCTdtdmV8iFuH7Tnv0IUsSB6Jnb%2FNxphcvfQ89eebjl9hbqMpGK8ov%2FM34FrqfzhEL%2BTlw4Yvfeq7g4gASIBAwruris%3D,竖版视频,7.66E+18,1,36,27.78,0,0.00%,0,0,0,0.00%,0,0,0.00%
0716-引流-魏怡-8.mp4,https://ad.oceanengine.com/material_center/outer/video_player?token=CnK3DxXv5mMlqqTMgBgxzZUbDVlBZIZkzTQyeN0MUf3ElZ5kqES1yNGpbVOyCGF2Oh6iAih7YkYXKdF0WQLYlMvbhUxzKsJIldntQzz9JFZlTDe%2F2DpyeyQOK6zOeOINOdXaO%2BjmPEUHJH0q9BB095I3bFkaSwo8AAAAAAAAAAAAAFCszCTdtdmV8iFuH7Tnv0IUsSB6Jnb%2FNxphcvfQ89eebjl9hbqMpGK8ov%2FM34FrqfzhEL%2BTlw4Yvfeq7g4gASIBAyGPZwo%3D,竖版视频,7.66E+18,0.82,16,51.25,0,0.00%,0,0,0,0.00%,0,0,0.00%
0715-引流-魏怡-4.mp4,https://ad.oceanengine.com/material_center/outer/video_player?token=CnLpPgHQcucm3DbiYtbZosjYcr1mTbe3xvQhUSehkSPV9KRYyvK5SgN%2Fz0SQv75e%2B41de3jcnNqNWNQ42X3wowJn8Di8%2BrBr6%2FBQt8RtlxZPBG97aXrBMsFb6d6aP4XcRQcLHhVdtL24mgeRJ%2B1zQoty%2Fr0aSwo8AAAAAAAAAAAAAFCszCTdtdmV8iFuH7Tnv0IUsSB6Jnb%2FNxphcvfQ89eebjl9hbqMpGK8ov%2FM34FrqfzhEL%2BTlw4Yvfeq7g4gASIBA2wxoMY%3D,竖版视频,7.66E+18,0.75,11,68.18,2,18.18%,0.38,1,0.75,50.00%,0,0,0.00%
0715-引流-魏怡-7.mp4,https://ad.oceanengine.com/material_center/outer/video_player?token=CnK4kKHgCaeFykZ5zjoXtqeFnSSftWZzzGONmgBWLpWI4JBfb1TB1lP05PcFsO%2BYbGCgjmFiw7g6FLId2JVmpTv1mpcFRKP852wW%2BHn4i%2BA%2BQxU9mQHpa5RJdR0MxP6J35riQ9aHRsRulyPqPrIAd8ufXc0aSwo8AAAAAAAAAAAAAFCszCTdtdmV8iFuH7Tnv0IUsSB6Jnb%2FNxphcvfQ89eebjl9hbqMpGK8ov%2FM34FrqfzhEL%2BTlw4Yvfeq7g4gASIBAxoWiLU%3D,竖版视频,7.66E+18,0.72,20,36,0,0.00%,0,0,0,0.00%,0,0,0.00%
0716-引流-魏怡-9.mp4,https://ad.oceanengine.com/material_center/outer/video_player?token=CnIJRV2CffvAjSotboJIgKwwciqCPhqZI8MISs93JX769f13OsdRrL3r7UpvtEMOoqHoY4lVPALbFh%2BAiUqlkq6pa6aDRBRw2cxw2flTO5LROw7%2BK6e9nJ0zOhQhTsj3JewhcRIVZXNKwZOX%2BaFcCboOtusaSwo8AAAAAAAAAAAAAFCszCTdtdmV8iFuH7Tnv0IUsSB6Jnb%2FNxphcvfQ89eebjl9hbqMpGK8ov%2FM34FrqfzhEL%2BTlw4Yvfeq7g4gASIBA8ou7OQ%3D,竖版视频,7.66E+18,0.71,9,78.89,0,0.00%,0,0,0,0.00%,0,0,0.00%
0714-瑞晨引导-3.mp4,https://ad.oceanengine.com/material_center/outer/video_player?token=CnLZ5G8%2BU6McGeCE6MnTcrhWMOKIOSClPv3iDRAbstgBgMQemfdSxB%2B2aLEJMCMGYc%2F5M47pnL2KgW5Lz7O6vTSH9wxF%2FHLhdp9j3oGVM1tX1BFIvlzt7UG2cFQigDD4f3jwdvY32Cdy9NjydX1fCbtF%2BK0aSwo8AAAAAAAAAAAAAFCszCTdtdmV8iFuH7Tnv0IUsSB6Jnb%2FNxphcvfQ89eebjl9hbqMpGK8ov%2FM34FrqfzhEL%2BTlw4Yvfeq7g4gASIBA0xnpUM%3D,竖版视频,7.66E+18,0.68,19,35.79,0,0.00%,0,0,0,0.00%,0,0,0.00%
0714-引导-雅迪-1-改.mp4,https://ad.oceanengine.com/material_center/outer/video_player?token=CnIkrauWBenXpc9e8gAL0ody13hYWXASq6iWAuAc0jAl4Uee4g4cLHEiFm8Qwxa8iHpyr4UkLXTNEAWapm96E1R%2Bwxj73bk9RkacKaTDYD5ahBJdRZH6r9%2B2z9um9W5Lx70wUFy2jdCHWN2FGooSxerr0goaSwo8AAAAAAAAAAAAAFCszCTdtdmV8iFuH7Tnv0IUsSB6Jnb%2FNxphcvfQ89eebjl9hbqMpGK8ov%2FM34FrqfzhEL%2BTlw4Yvfeq7g4gASIBAzwtPQ0%3D,竖版视频,7.66E+18,0.67,16,41.88,1,6.25%,0.67,0,0,0.00%,0,0,0.00%
0714-引导-雅迪-2-改.mp4,https://ad.oceanengine.com/material_center/outer/video_player?token=CnINwFe6bcfNo4do%2Bg72CjTfz6X7AS5s7xyChqtITHTLLHyI49MXWIIVsj27%2FBYptxSJ%2FR9fxLZyQzRsZ%2BMo0HAv7XeAytp3mlqsJLDwbjyhj2VekCxuU4GyA3MDnQ8MIVi3JMVjCQTglWOr05NX3NUSiP0aSwo8AAAAAAAAAAAAAFCszCTdtdmV8iFuH7Tnv0IUsSB6Jnb%2FNxphcvfQ89eebjl9hbqMpGK8ov%2FM34FrqfzhEL%2BTlw4Yvfeq7g4gASIBAwzIJMA%3D,竖版视频,7.66E+18,0.65,12,54.17,0,0.00%,0,0,0,0.00%,0,0,0.00%
0716-引流-魏怡-1.mp4,https://ad.oceanengine.com/material_center/outer/video_player?token=CnLyWg%2FNVOWhps1Jsfa2RrkyMGoop0nEan%2FWTZFt7xDbIG84k8sAeUqA1kXOPQz7eYsAPaOOKMyUIdXy8OxEuLNwbFO0m%2BdJ4hcqaYcwZcWvEIXKxCtrAuPEwhtrwGTVkwqg3nCGMi6Svq1ERkNOV2A1UHwaSwo8AAAAAAAAAAAAAFCszCTdtdmV8iFuH7Tnv0IUsSB6Jnb%2FNxphcvfQ89eebjl9hbqMpGK8ov%2FM34FrqfzhEL%2BTlw4Yvfeq7g4gASIBA%2BOjSlc%3D,竖版视频,7.66E+18,0.62,21,29.52,0,0.00%,0,0,0,0.00%,0,0,0.00%
0716-引流-魏怡-2.mp4,https://ad.oceanengine.com/material_center/outer/video_player?token=CnKUpizhRdHV5Z3RXTi1XkI%2Fk%2F69lHNX0jHl%2FcMjKQy5GQOX6uGlv0PvFYxoTRd2nCaVRZmQRQeHJtDObmfESyOmubiOJnvvhbkCgXBysaHvLb03w6Bim7hOYOqK%2Fzdw2PBYSqW0tHLcgq3fq2vpf4GR6HAaSwo8AAAAAAAAAAAAAFCszCTdtdmV8iFuH7Tnv0IUsSB6Jnb%2FNxphcvfQ89eebjl9hbqMpGK8ov%2FM34FrqfzhEL%2BTlw4Yvfeq7g4gASIBA2Kv%2FOE%3D,竖版视频,7.66E+18,0.6,15,40,1,6.67%,0.6,0,0,0.00%,0,0,0.00%
0715-引流-魏怡-9.mp4,https://ad.oceanengine.com/material_center/outer/video_player?token=CnLZonKCWXpci2TVZjHPBkpFBRffgIRpllm7iVoi%2FFDxUh4BvqmEca0xkbOeJkq6tTuCSFnBWAkUMn1ztszfLEWTk5iwophzCqyMeAh4ZVNlmGEMCN8uDUR01MJxi7yVapOIcB%2B91UH4KdJAg9YR%2FaAIblwaSwo8AAAAAAAAAAAAAFCszCTdtdmV8iFuH7Tnv0IUsSB6Jnb%2FNxphcvfQ89eebjl9hbqMpGK8ov%2FM34FrqfzhEL%2BTlw4Yvfeq7g4gASIBAyO0zTA%3D,竖版视频,7.66E+18,0.58,10,58,0,0.00%,0,0,0,0.00%,0,0,0.00%
0716-引流-魏怡-5.mp4,https://ad.oceanengine.com/material_center/outer/video_player?token=CnJJ%2BDgqhr8HhgLYcUK7i9L%2FsSjMuPdFi5U9PBObGjT21pu01aQn2Y8xtLJqX122UZex6zHPbEWBfDnhM5V3ASvjH5aWf%2BWbmR%2BLiShr5H4YFwqQ1pz0A6G9v8uPr2WfNV%2BzaXWdo5oM1b%2FaEFmz%2BGUEKsgaSwo8AAAAAAAAAAAAAFCszCTdtdmV8iFuH7Tnv0IUsSB6Jnb%2FNxphcvfQ89eebjl9hbqMpGK8ov%2FM34FrqfzhEL%2BTlw4Yvfeq7g4gASIBA0tqni0%3D,竖版视频,7.66E+18,0.55,24,22.92,1,4.17%,0.55,0,0,0.00%,0,0,0.00%
0716-浩正引导-1.mp4,https://ad.oceanengine.com/material_center/outer/video_player?token=CnJ0xT487DbBTtAJmqgBPnTnXgR5b4k%2Bou%2F5FMFWBONdDRURxB5AB4rFz9xpRs%2BiKtrZljxI%2B9hmj6feAGZmJyD1QaA7%2B4Vj0SSd97rihBz%2FSnfw9xLfQHY64jL9a70n%2Fv0H1R%2Fj8hJX%2FamJPScLmX4CxscaSwo8AAAAAAAAAAAAAFCszCTdtdmV8iFuH7Tnv0IUsSB6Jnb%2FNxphcvfQ89eebjl9hbqMpGK8ov%2FM34FrqfzhEL%2BTlw4Yvfeq7g4gASIBA67gkZQ%3D,横版视频,7.66E+18,0.54,16,33.75,0,0.00%,0,0,0,0.00%,0,0,0.00%
0714-瑞晨引导-6.mp4,https://ad.oceanengine.com/material_center/outer/video_player?token=CnJ2nLYrcJxS9Xt51RNyuYATgodE1RioCTskLAB7pisjrINcfN0tEP%2F2lbot4L%2FRKYsZo%2BUQ4ee9cejHhVEIXrRLxlnX254CNZ4ji9%2F%2Bxsn%2BTzY8MH2Wnt7VKunZ%2FNaed826VJhn6BfJUpaEal676KRKCC4aSwo8AAAAAAAAAAAAAFCszCTdtdmV8iFuH7Tnv0IUsSB6Jnb%2FNxphcvfQ89eebjl9hbqMpGK8ov%2FM34FrqfzhEL%2BTlw4Yvfeq7g4gASIBA%2FpkHR8%3D,竖版视频,7.66E+18,0.51,6,85,0,0.00%,0,0,0,0.00%,0,0,0.00%
0715-引流-魏怡-5.mp4,https://ad.oceanengine.com/material_center/outer/video_player?token=CnIlr6q8LcCsTPzgdDxdBjoPdnpKHIRuBZhEJjrR%2FKWyp4xXBRkDT9IgnILIVYChjkKkrH9bpIr3ZIQwcefUeCA5t8XifBjQPSDjQHjKVrL9loRpbSx059vYKvDMe3I1traHVFk%2FHtTx%2BH%2FEiU%2FGK9P%2FXDwaSwo8AAAAAAAAAAAAAFCszCTdtdmV8iFuH7Tnv0IUsSB6Jnb%2FNxphcvfQ89eebjl9hbqMpGK8ov%2FM34FrqfzhEL%2BTlw4Yvfeq7g4gASIBAwzRXPw%3D,竖版视频,7.66E+18,0.38,16,23.75,0,0.00%,0,0,0,0.00%,0,0,0.00%
0714-瑞晨引导-1.mp4,https://ad.oceanengine.com/material_center/outer/video_player?token=CnKWP3T6l%2BzL7V2DE8uJG%2FF5UnRNFYQMxii20BaWCzxezTFUo4E37Ts9TS5FbLZ6kG4SJ4oEYQ9JKlhZmLOjThdpeIznyjKxt5F7xVgOa4uOVpDDUB3mtXh73gJPX1skpkfOE66dZNAXTGeG%2BXbI9PVZdhoaSwo8AAAAAAAAAAAAAFCszCTdtdmV8iFuH7Tnv0IUsSB6Jnb%2FNxphcvfQ89eebjl9hbqMpGK8ov%2FM34FrqfzhEL%2BTlw4Yvfeq7g4gASIBA5Bh4bM%3D,竖版视频,7.66E+18,0.25,12,20.83,1,8.33%,0.25,0,0,0.00%,0,0,0.00%
0715-引流-魏怡-10.mp4,https://ad.oceanengine.com/material_center/outer/video_player?token=CnIKFcrAUkt%2FB0EvyIaC9VZQd8sYCQDEOAUOKWSFc554Yev22mUiRtwwZf2yOSc5%2Fp%2BulcFUaaLL7sguI4k3wVJDS5XpqClPTIvqABIKyl1mYOLrPRj57jH1VUacln2RhB0NKAOTuNzzU7zifM0B0reY8ZAaSwo8AAAAAAAAAAAAAFCszCTdtdmV8iFuH7Tnv0IUsSB6Jnb%2FNxphcvfQ89eebjl9hbqMpGK8ov%2FM34FrqfzhEL%2BTlw4Yvfeq7g4gASIBA5QnsEE%3D,竖版视频,7.66E+18,0.22,5,44,0,0.00%,0,0,0,0.00%,0,0,0.00%
0716-引流-魏怡-10.mp4,https://ad.oceanengine.com/material_center/outer/video_player?token=CnInewlevOygOepNRnyniuAXuQJvkEMxtRZSMLQsuYT2ctJOvEaC4ubg%2FAzqPyDdh77x40zgCBP5PpblRf0A7MgFg5fv%2BBKk5QYVVM1A%2B9IAydS3S16nYyGXDO%2BF8vutU0bcqk4y8cYmVcihP2ie6iJyjscaSwo8AAAAAAAAAAAAAFCszCTdtdmV8iFuH7Tnv0IUsSB6Jnb%2FNxphcvfQ89eebjl9hbqMpGK8ov%2FM34FrqfzhEL%2BTlw4Yvfeq7g4gASIBA%2BoSIdk%3D,竖版视频,7.66E+18,0.16,5,32,0,0.00%,0,0,0,0.00%,0,0,0.00%
0716-引流-魏怡-3.mp4,https://ad.oceanengine.com/material_center/outer/video_player?token=CnJ23pOplqL6mZQAj8OTIzzsFZwR6tgbZjhfQRALI0QfwfkxabJKKcjzCK6QXp5UBOHjtmSinbSFKE0wAMIRJKHjpG1PqAE5lDvijJGJUH4kgNThTlxpIFreJheyECYOa1wRPvn8qfynAngDU7EHlgP%2FcVkaSwo8AAAAAAAAAAAAAFCszCTdtdmV8iFuH7Tnv0IUsSB6Jnb%2FNxphcvfQ89eebjl9hbqMpGK8ov%2FM34FrqfzhEL%2BTlw4Yvfeq7g4gASIBA4CFp80%3D,竖版视频,7.66E+18,0.08,3,26.67,0,0.00%,0,0,0,0.00%,0,0,0.00%
0716-引导-魏怡-4.mp4,https://ad.oceanengine.com/material_center/outer/video_player?token=CnJtDNpztW%2FpAY1SJt36oOL2bX7Cjt%2BM8keg1d6zUehO%2BcX%2BSdlX%2FKNSeAYn4Kt9wZuPH8C%2Bk1gOC4NoCYK8LBfVD8kiSDZYQg0Ug0dzK6dr6C3UIbAu6F5HgOlW1fHm8%2FMHDDm9Gs2TRWoNqmevsKe%2B6PMaSwo8AAAAAAAAAAAAAFCszCTdtdmV8iFuH7Tnv0IUsSB6Jnb%2FNxphcvfQ89eebjl9hbqMpGK8ov%2FM34FrqfzhEL%2BTlw4Yvfeq7g4gASIBAy%2F%2ByU4%3D,竖版视频,7.66E+18,0.07,4,17.5,0,0.00%,0,0,0,0.00%,0,0,0.00%
0715-引流-魏怡-6.mp4,https://ad.oceanengine.com/material_center/outer/video_player?token=CnLnUgLG7%2B36FXL%2BzFNqnBWwo5E7yU6Vda2M5ie2I7fGlTe61xFRGpAYjMC1N7ibRC8JNMZglU2xNhHoNtBXeCmunNSouGZtobCBvkWNYWmQkUWYlnTnn3%2F2%2FftY7dgRSW0CLJPBkHe4P3vcaWhsPc4wdyUaSwo8AAAAAAAAAAAAAFCszCTdtdmV8iFuH7Tnv0IUsSB6Jnb%2FNxphcvfQ89eebjl9hbqMpGK8ov%2FM34FrqfzhEL%2BTlw4Yvfeq7g4gASIBA02RYQE%3D,竖版视频,7.66E+18,0.05,1,50,0,0.00%,0,0,0,0.00%,0,0,0.00%
0715-引导-小敏-5.mp4,https://ad.oceanengine.com/material_center/outer/video_player?token=CnIba3o8eGOkac7nPo5czLk7B6zBIonUbw%2Fr%2BjiMKJT11%2FoqEj2z5Nk8KzhGtM6wzTL9CCOaluRHcW3cMitFTXCLYM9LfNDR5k82nVBwvFX%2FNCnvYGmdZM%2FKuRAw0TUw%2F1RLM2TTrnQtqIlm9xv65tz0dP8aSwo8AAAAAAAAAAAAAFCszCTdtdmV8iFuH7Tnv0IUsSB6Jnb%2FNxphcvfQ89eebjl9hbqMpGK8ov%2FM34FrqfzhEL%2BTlw4Yvfeq7g4gASIBAxU8MaY%3D,竖版视频,7.66E+18,0.02,1,20,0,0.00%,0,0,0,0.00%,0,0,0.00%
0715-引流-魏怡-7.mp4,https://ad.oceanengine.com/material_center/outer/video_player?token=CnL01DV9vNTOqQrAO4nmC2l2ZRwlL%2B1mRUmFElUJqjbPXcG9IrUyyHoTwPTAqHMDJXaFjjl9vVTdgM%2BPwm79bsvwLt3PP9%2F6cmCanH7tSBXGnBmVPfBm79qHFDEcColf7Uxc5mhz9n4o%2BjafrN8hRwQ8nD8aSwo8AAAAAAAAAAAAAFCszCTdtdmV8iFuH7Tnv0IUsSB6Jnb%2FNxphcvfQ89eebjl9hbqMpGK8ov%2FM34FrqfzhEL%2BTlw4Yvfeq7g4gASIBA70SgzI%3D,竖版视频,7.66E+18,0.02,2,10,1,50.00%,0.02,0,0,0.00%,0,0,0.00%
0716-引流-魏怡-6.mp4,https://ad.oceanengine.com/material_center/outer/video_player?token=CnLCSqj%2FgaHzF%2FJ3kCMu4a4Y%2FKiMeCe7VtcJyVIKSjc6myIIzkIEl4ll2maV667eYBTFhslldXcRU87kPlK%2B3Qyq9UtjkA%2BiEDdk7fO27KY3kz%2Fe7%2Fnb1U8kHIdUmbfbzveyXDVdlobitk9kpFFvB439kJIaSwo8AAAAAAAAAAAAAFCszCTdtdmV8iFuH7Tnv0IUsSB6Jnb%2FNxphcvfQ89eebjl9hbqMpGK8ov%2FM34FrqfzhEL%2BTlw4Yvfeq7g4gASIBA5MvMTM%3D,竖版视频,7.66E+18,0.02,2,10,0,0.00%,0,0,0,0.00%,0,0,0.00%
