编导确认,是否自产自投,是否混剪,签名,渠道,广告账户ID,广告计划ID,抖音号名称（id）,平台素材ID,素材预览,素材名称,日期,素材标签,上传人,投放产品,素材投放产品,代理商,来源,生产属性,市场员,首次消耗时间,已上线投放天数,消耗,成交GMV,成交单量,ROI,CPM（千次曝光成本）,千次有效观看成本,CPA,CTR,CVR,3s播放率,千次曝光成交率,千次观看成交
子矜,是,否,59f39ee66fbc45b14c5baf4c334715c3,-,-,-,-,-,https://tutor-online1.fbcontent.cn/growth/internal-material/1783417546631.59f39ee66fbc45b14c5baf4c334715c3.mp4,0701-199双科-自产-自产二-李博-视觉锤-子衿-A3-B2-有-2-2,-,,贾子矜,199元高中双科提分课,199元高中双科提分课,自投放,自有,自产原创,wangjiananbj03,2026/7/9,11,11.18,0,0,0,61.77,11180,0,2.21%,0%,-,0,0
嘉丽,是,否,2c12c3e7602c91e3792e73b54f4748ee,-,-,-,-,-,https://tutor-online1.fbcontent.cn/growth/internal-material/1782384911690.2c12c3e7602c91e3792e73b54f4748ee.mp4,0616-199双科-自产-自产二-王晶-曲中雨-嘉丽---无-12,-,,魏嘉丽,199元高中双科提分课,199元高中双科提分课,自投放,自有,自产原创,wangjiananbj03,2026/7/6,14,25.53,0,0,0,212.75,0,0,0.00%,0.00%,-,0,0
子矜,是,是,1408b9f7a21861b7dd69befc36727444,-,-,-,-,-,https://tutor-online1.fbcontent.cn/growth/internal-material/1782201526019.1408b9f7a21861b7dd69befc36727444.mov,0128-自产主-李博-8-3--有-9物-子矜- IP-曲中雨-瑞晨混,-,,杜浩正,9元高中物理李博,9元高中物理李博,申坤,自有,自产原创,wangruixuebj01,-,-,0,0,0,0,0,0,0,0.00%,0.00%,-,0,0
子矜,是,是,372ad15d9d58f9a92261a494362d8951,-,-,-,-,-,https://tutor-online1.fbcontent.cn/growth/internal-material/1782812329451.372ad15d9d58f9a92261a494362d8951.mov,0630-9物-自产-自产二-李博-曲中雨-子衿-A7-B2-有-6-瑞晨混剪-4,-,,龚瑞晨,9元高中物理李博,9元高中物理李博,申坤,自有,自产混剪,wangruixuebj01,2026/7/2,18,492.16,0,0,0,117.15,7132.75,0,1.64%,0%,-,0,0
浩正,是,否,662cb247cb51d725105a9ebd8075c149,-,-,-,-,-,https://tutor-online1.fbcontent.cn/growth/internal-material/1782471951333.662cb247cb51d725105a9ebd8075c149.mp4,0618-9物-自产-自产主--曲中雨-浩正-书展-无--27,-,,杜浩正,9元高中物理李博,9元高中物理李博,申坤,自有,自产原创,wangruixuebj01,2026/7/1,19,11.09,0,0,0,73.93,5545,0,1.33%,0%,-,0,0
子矜,是,否,2c9924d2f1c3428665525ef3a15d3548,-,-,-,-,-,https://tutor-online1.fbcontent.cn/growth/internal-material/1783417271659.2c9924d2f1c3428665525ef3a15d3548.mp4,0701-9物-自产-自产主-李博-曲中雨-子衿-A6-B1-有-7,-,,贾子矜,9元高中物理李博,9元高中物理李博,申坤,自有,自产原创,wangruixuebj01,2026/7/10,10,14.71,0,0,0,165.28,4903.33,0,3.37%,0%,-,0,0
雅迪,是,否,1e4ce6b618bf89f8f05f40d29ad11945,-,-,-,-,-,https://tutor-online1.fbcontent.cn/growth/internal-material/1777280290222.1e4ce6b618bf89f8f05f40d29ad11945.mp4,0422-9物-自产-自产二-李博-视觉锤-雅迪-A5-B1B5-无-3,-,,王雅迪,9元高中物理李博,9元高中物理李博,申坤,自有,自产原创,wangruixuebj01,2026/7/15,5,0.01,0,0,0,2.5,0,0,0.00%,0.00%,-,0,0
子矜,是,否,efc468c3e06eba93a6c69453b182af15,-,-,-,-,-,https://tutor-online1.fbcontent.cn/growth/internal-material/1783417241416.efc468c3e06eba93a6c69453b182af15.mp4,0701-9物-自产-自产主-李博-曲中雨-子衿-A5-B1-无-6,-,,贾子矜,9元高中物理李博,9元高中物理李博,申坤,自有,自产原创,wangruixuebj01,2026/7/14,6,0.45,0,0,0,150,0,0,0.00%,0.00%,-,0,0
子矜,是,是,f55865d3c12ef6a90925c73390f420dd,-,-,-,-,-,https://tutor-online1.fbcontent.cn/growth/internal-material/1782814055850.f55865d3c12ef6a90925c73390f420dd.mov,0630-9物-自产-自产二-李博-曲中雨-子衿-A5效果保证-B1效果方法体系-有-4-魏怡混剪-4,-,,魏怡,9元高中物理李博,9元高中物理李博,申坤,自有,自产混剪,wangruixuebj01,2026/7/3,17,14.31,0,0,0,33.13,1100.77,0,2.78%,0%,-,0,0
子矜,是,否,593ff823acc94e5d4252508f086f73bd,-,-,-,-,-,https://tutor-online1.fbcontent.cn/growth/internal-material/1783066992739.593ff823acc94e5d4252508f086f73bd.mp4,0624-199双科-自产-自产主-李博-曲中雨-子衿---无-3,-,,贾子矜,199元高中双科提分课,199元高中双科提分课,自投放,自有,自产原创,wangjiananbj03,2026/7/11,9,9.8,0,0,0,130.67,9800,0,2.67%,0%,-,0,0
浩正,是,否,49ab68ce5d52c114a00e400bcf725b2d,-,-,-,-,-,https://tutor-online1.fbcontent.cn/growth/internal-material/1783330014635.49ab68ce5d52c114a00e400bcf725b2d.mp4,0527-9物-自产-自产主-李博-曲中雨-浩正-A5-B1-无-13,-,,韩晨国,9元高中物理李博,9元高中物理李博,申坤,自有,自产原创,wangruixuebj01,2026/7/9,11,0.77,0,0,0,30.8,0,0,0.00%,0.00%,-,0,0
子矜,是,否,f1d476a842a6a11cbe18605c7a31fdc3,-,-,-,-,-,https://tutor-online1.fbcontent.cn/growth/internal-material/1781350868420.f1d476a842a6a11cbe18605c7a31fdc3.mp4,0603-199双科-自产-自产主-李博-巽阳-子衿-A1-B4-无-HJ-1,-,,贾子矜,199元高中双科提分课,199元高中双科提分课,自投放,自有,自产原创,wangjiananbj03,2026/6/23,27,118.73,0,0,0,184.36,23746,0,0.78%,0%,-,0,0
浩正,是,否,71cf5a58838089a5a7cb4a4fb3e0ca6f,-,-,-,-,-,https://tutor-online1.fbcontent.cn/growth/internal-material/1783330014839.71cf5a58838089a5a7cb4a4fb3e0ca6f.mp4,0527-9物-自产-自产二-李博-曲中雨-浩正-A5-B1-有-13-直播间,-,,韩晨国,9元高中物理李博,9元高中物理李博,申坤,自有,自产原创,wangruixuebj01,2026/7/9,11,1.62,0,0,0,27,1620,0,1.67%,0%,-,0,0
子矜,是,否,c8d85e0f2a43603e4807b1cdd486ed21,-,-,-,-,-,https://tutor-online1.fbcontent.cn/growth/internal-material/1775548229436.c8d85e0f2a43603e4807b1cdd486ed21.mp4,0401-9物-自产-自产二-李博-曲中雨-子衿-A3-B1-有-23-前贴1,-,,贾子矜,9元高中物理李博,9元高中物理李博,玄武,自有,自产原创,wangruixuebj01,2026/5/8,73,1680.89,54,6,0.03,156.59,21549.87,280.15,1.24%,4.51%,-,0.56,692.31
子矜,是,否,710d87a30575a26de50bca17b053d1fc,-,-,-,-,-,https://tutor-online1.fbcontent.cn/growth/internal-material/1782895269726.710d87a30575a26de50bca17b053d1fc.mp4,0624-9物-自产-自产主-李博-曲中雨-子衿---无-1,-,,贾子矜,9元高中物理李博,9元高中物理李博,申坤,自有,自产原创,wangruixuebj01,2026/7/7,13,0.23,0,0,0,25.56,0,0,0.00%,0.00%,-,0,0
浩正,是,否,c05a8d2f96199257ca4b341272e579bb,-,-,-,-,-,https://tutor-online1.fbcontent.cn/growth/internal-material/1781580821955.c05a8d2f96199257ca4b341272e579bb.mp4,0610-9物-自产-自产主-李博-曲中雨-浩正-A5-B1-有-13,-,,杜浩正,9元高中物理李博,9元高中物理李博,申坤,自有,自产原创,wangruixuebj01,2026/6/17,33,0,0,0,0,0,0,0,0.00%,0.00%,-,0,0
子矜,是,否,2b57f3f7b38f17b4e162e73ff4715389,-,-,-,-,-,https://tutor-online1.fbcontent.cn/growth/internal-material/1780393695558.2b57f3f7b38f17b4e162e73ff4715389.mp4,0527-9物-自产-自产主-李博-曲中雨-子衿-A6-B2-无-4,-,,贾子矜,9元高中物理李博,9元高中物理李博,申坤,自有,自产原创,wangruixuebj01,2026/6/15,35,22.09,0,0,0,32.01,11045,0,0.72%,0%,-,0,0
浩正,是,否,b22480ac2f470f56e33aac1e2cf2c403,-,-,-,-,-,https://tutor-online1.fbcontent.cn/growth/internal-material/1775810396949.b22480ac2f470f56e33aac1e2cf2c403.mp4,0317-199物-自产-自产二-李博-曲中雨-浩正--B2-有-19,-,,杜浩正,199元高中双科提分课,199元高中双科提分课,自投放,自有,自产原创,wangjiananbj03,2026/6/30,20,120.72,0,0,0,109.05,60360,0,0.72%,0%,-,0,0
子矜,是,否,6bff84a97b4cebe2c39e59c60352732b,-,-,-,-,-,https://tutor-online1.fbcontent.cn/growth/internal-material/1781353900845.6bff84a97b4cebe2c39e59c60352732b.mp4,0602-199双科-自产-自产二-王晶-巽阳-子衿-A6-B2-有-1-RS,-,,贾子矜,199元高中双科提分课,199元高中双科提分课,自投放,自有,自产原创,wangjiananbj03,2026/6/17,33,0.09,0,0,0,90,0,0,0.00%,0.00%,-,0,0
小敏,是,否,aa49984803f216dd71690b2f139c66e0,-,-,-,-,-,https://tutor-online1.fbcontent.cn/growth/internal-material/1782095428434.aa49984803f216dd71690b2f139c66e0.mp4,0611-199双科-自产-自产二-王晶-视觉锤-小敏-A7-B1-无-11,-,,曲敏,199元高中双科提分课,199元高中双科提分课,自投放,自有,自产原创,wangjiananbj03,2026/6/23,27,358.74,0,0,0,39.36,32612.73,0,0.22%,0%,-,0,0
小敏,是,否,595a3e9f591424153919a9c558b20d06,-,-,-,-,-,https://tutor-online1.fbcontent.cn/growth/internal-material/1783328388277.595a3e9f591424153919a9c558b20d06.mp4,0624-199双科-自产-自产二-李博-曲中雨-小敏-A7-B1-有-9,-,,曲敏,199元高中双科提分课,199元高中双科提分课,自投放,自有,自产原创,wangjiananbj03,2026/7/10,10,120.33,0,0,0,109.89,0,0,0.27%,0%,-,0,0
子矜,是,否,6b3e04818dfe4200af6b380cf57d1ddf,-,-,-,-,-,https://tutor-online1.fbcontent.cn/growth/internal-material/1783417283876.6b3e04818dfe4200af6b380cf57d1ddf.mp4,0701-9物-自产-自产主-李博-曲中雨-子衿-A6-B5-有-8,-,,贾子矜,9元高中物理李博,9元高中物理李博,申坤,自有,自产原创,wangruixuebj01,2026/7/10,10,36.17,0,0,0,106.7,6028.33,0,1.77%,0%,-,0,0
子矜,是,否,27ddbe28145cc60d82ce8102eec27e5b,-,-,-,-,-,https://tutor-online1.fbcontent.cn/growth/internal-material/1783066982469.27ddbe28145cc60d82ce8102eec27e5b.mp4,0624-199双科-自产-自产二-李博-曲中雨-子衿---无-3,-,,贾子矜,199元高中双科提分课,199元高中双科提分课,自投放,自有,自产原创,wangjiananbj03,2026/7/9,11,1.24,0,0,0,23.4,0,0,1.89%,0%,-,0,0
雅迪,是,否,34784e0f591a32d845ca85c3708212e1,-,-,-,-,-,https://tutor-online1.fbcontent.cn/growth/internal-material/1780369895793.34784e0f591a32d845ca85c3708212e1.mp4,0527-9物-自产-自产二-李博-视觉锤-雅迪-A5-B1-无-16,-,,王雅迪,9元高中物理李博,9元高中物理李博,申坤,自有,自产原创,wangruixuebj01,2026/6/15,35,17.96,0,0,0,82.01,17960,0,0.91%,0%,-,0,0
子矜,是,否,bd393e230183bbbae52fea91520eea31,-,-,-,-,-,https://tutor-online1.fbcontent.cn/growth/internal-material/1782895271174.bd393e230183bbbae52fea91520eea31.mp4,0624-9物-自产-自产主-李博-曲中雨-子衿---无-4,-,,贾子矜,9元高中物理李博,9元高中物理李博,申坤,自有,自产原创,wangruixuebj01,2026/7/7,13,5.13,0,0,0,31.09,1282.5,0,3.03%,0%,-,0,0
嘉丽,是,否,c1e5c35f864609ab26cb98e7657ad0cc,-,-,-,-,-,https://tutor-online1.fbcontent.cn/growth/internal-material/1782385389954.c1e5c35f864609ab26cb98e7657ad0cc.mp4,0616-199双科-自产-自产主-王晶-简末-嘉丽---无-12,-,,魏嘉丽,199元高中双科提分课,199元高中双科提分课,自投放,自有,自产原创,wangjiananbj03,2026/7/6,14,0.3,0,0,0,42.86,0,0,0.00%,0.00%,-,0,0
子矜,是,否,be4edc7f789e3d1fb626dc73265e4b9a,-,-,-,-,-,https://tutor-online1.fbcontent.cn/growth/internal-material/1780393994915.be4edc7f789e3d1fb626dc73265e4b9a.mp4,0527-9物-自产-自产主-李博-曲中雨-子衿-A5-B2-有-2-直播间,-,,贾子矜,9元高中物理李博,9元高中物理李博,申坤,自有,自产原创,wangruixuebj01,2026/6/15,35,17447.99,630,70,0.04,152.29,12295.98,249.26,1.61%,3.80%,-,0.61,443.97
小敏,是,否,7184be80c8f7fc7c01333b069180d375,-,-,-,-,-,https://tutor-online1.fbcontent.cn/growth/internal-material/1783476944244.7184be80c8f7fc7c01333b069180d375.mp4,0701-199双科-自产-自产二-李博-视觉锤-小敏-A2-B4-无-9,-,,曲敏,199元高中双科提分课,199元高中双科提分课,自投放,自有,自产原创,wangjiananbj03,2026/7/16,4,17.67,0,0,0,36.13,0,0,1.23%,0%,-,0,0
子矜,是,否,265ac7855ea73ead6e08ae2532d36ecc,-,-,-,-,-,https://tutor-online1.fbcontent.cn/growth/internal-material/1783417547595.265ac7855ea73ead6e08ae2532d36ecc.mp4,0701-199双科-自产-自产二-李博-视觉锤-子衿-A2-B1-有-3,-,,贾子矜,199元高中双科提分课,199元高中双科提分课,自投放,自有,自产原创,wangjiananbj03,2026/7/11,9,22.82,0,0,0,36.99,0,0,0.32%,0%,-,0,0
子矜,是,否,2c4ceca4d794c68d0122a413e12d6be1,-,-,-,-,-,https://tutor-online1.fbcontent.cn/growth/internal-material/1783067021824.2c4ceca4d794c68d0122a413e12d6be1.mp4,0624-199双科-自产-自产主-李博-曲中雨-子衿---有-2,-,,贾子矜,199元高中双科提分课,199元高中双科提分课,自投放,自有,自产原创,wangjiananbj03,2026/7/10,10,29.99,0,0,0,95.51,0,0,0.64%,0%,-,0,0
雅迪,是,否,21538b5dab258f80c9053d542b1771d8,-,-,-,-,-,https://tutor-online1.fbcontent.cn/growth/internal-material/1782294998639.21538b5dab258f80c9053d542b1771d8.mp4,0617-9物-自产-自产主-李博-视觉锤-雅迪-A5-B2-有-16,-,,王雅迪,9元高中物理李博,9元高中物理李博,申坤,自有,自产原创,wangruixuebj01,2026/6/25,25,14.47,0,0,0,149.18,14470,0,1.03%,0%,-,0,0
子矜,是,否,4f323961baea6cbea9eb4f3110a7bfd9,-,-,-,-,-,https://tutor-online1.fbcontent.cn/growth/internal-material/1783067017468.4f323961baea6cbea9eb4f3110a7bfd9.mp4,0624-199双科-自产-自产主-李博-曲中雨-子衿---有-1,-,,贾子矜,199元高中双科提分课,199元高中双科提分课,自投放,自有,自产原创,wangjiananbj03,2026/7/9,11,92.73,0,0,0,135.57,30910,0,0.58%,0%,-,0,0
,是,是,4b652a0f36cc75681b937c0334a5a871,-,-,-,-,-,https://tutor-online1.fbcontent.cn/growth/internal-material/1782201525708.4b652a0f36cc75681b937c0334a5a871.mov,20260609-9物-代理-启航-李博-【b1-p6-a1-9】-A5-B5-有-2-瑞晨混,-,,杜浩正,9元高中物理李博,9元高中物理李博,申坤,自有,自产原创,wangruixuebj01,2026/6/25,25,0.61,0,0,0,9.1,0,0,0.00%,0.00%,-,0,0
浩正,是,否,9b9c12c98e74465be8db86e2dca1fb9b,-,-,-,-,-,https://tutor-online1.fbcontent.cn/growth/internal-material/1782471929256.9b9c12c98e74465be8db86e2dca1fb9b.mp4,0618-9物-自产-自产主--曲中雨-浩正-书展--有-26,-,,杜浩正,9元高中物理李博,9元高中物理李博,申坤,自有,自产原创,wangruixuebj01,2026/7/1,19,71.49,0,0,0,88.04,5106.43,0,1.85%,0%,-,0,0
雅迪,是,否,547c75f5cd14b857d73219ac2e2e7014,-,-,-,-,-,https://tutor-online1.fbcontent.cn/growth/internal-material/1776739926880.547c75f5cd14b857d73219ac2e2e7014.mp4,0415-9物-自产-自产二-李博-云梵-雅迪-A5-B2-有-2,-,,王雅迪,9元高中物理李博,9元高中物理李博,申坤,自有,自产原创,wangruixuebj01,2026/6/17,33,0.65,0,0,0,72.22,0,0,0.00%,0.00%,-,0,0
子矜,是,否,0f1940dc93eef4ffdc86a18a769a7ae4,-,-,-,-,-,https://tutor-online1.fbcontent.cn/growth/internal-material/1783066981381.0f1940dc93eef4ffdc86a18a769a7ae4.mp4,0624-199双科-自产-自产二-李博-曲中雨-子衿---有-4,-,,贾子矜,199元高中双科提分课,199元高中双科提分课,自投放,自有,自产原创,wangjiananbj03,2026/7/10,10,93.71,398,2,4.25,127.84,23427.5,46.86,0.68%,40.00%,-,2.73,99500
雅迪,是,否,c58f60f1360185b394a2b5ff4ca07dcc,-,-,-,-,-,https://tutor-online1.fbcontent.cn/growth/internal-material/1779427696129.c58f60f1360185b394a2b5ff4ca07dcc.mp4,0512-199双科-自产-自产主-王晶-曲中雨-雅迪---无-11,-,,王雅迪,199元高中双科提分课,199元高中双科提分课,自投放,自有,自产原创,wangjiananbj03,2026/5/30,51,1.48,0,0,0,20.27,0,0,1.37%,0%,-,0,0
子矜,是,否,64c2476b85da55849be487e7dd2bc1c2,-,-,-,-,-,https://tutor-online1.fbcontent.cn/growth/internal-material/1784014400310.64c2476b85da55849be487e7dd2bc1c2.mp4,0708-199双科-自产-自产主-李博-曲中雨-子衿-A5-B4-无-5,-,,贾子矜,199元高中双科提分课,199元高中双科提分课,自投放,自有,自产原创,wangjiananbj03,2026/7/16,4,0.15,0,0,0,75,0,0,0.00%,0.00%,-,0,0
浩正,是,否,1ba64ab8aae0bcb1051c4c7030a4c4c2,-,-,-,-,-,https://tutor-online1.fbcontent.cn/growth/internal-material/1781580788481.1ba64ab8aae0bcb1051c4c7030a4c4c2.mp4,0610-9物-自产-自产二-李博-曲中雨-浩正-A5-B1-无-14,-,,杜浩正,9元高中物理李博,9元高中物理李博,申坤,自有,自产原创,wangruixuebj01,2026/6/17,33,0.32,0,0,0,11.03,0,0,0.00%,0.00%,-,0,0
子矜,是,否,742bb10b5dfc8caff044c6811d93d7ee,-,-,-,-,-,https://tutor-online1.fbcontent.cn/growth/internal-material/1777262140189.742bb10b5dfc8caff044c6811d93d7ee.mp4,0422-9物-自产-自产主-李博-曲中雨-子衿-A7-B1-有-14-前贴2,-,,贾子矜,9元高中物理李博,9元高中物理李博,申坤,自有,自产原创,wangruixuebj01,2026/6/11,39,467.29,0,0,0,81.71,6314.73,0,1.42%,0%,-,0,0
嘉丽,是,否,aeed0c6066ccae67a033268087490274,-,-,-,-,-,https://tutor-online1.fbcontent.cn/growth/internal-material/1782385389102.aeed0c6066ccae67a033268087490274.mp4,0616-199双科-自产-自产主-王晶-简末-嘉丽---无-13,-,,魏嘉丽,199元高中双科提分课,199元高中双科提分课,自投放,自有,自产原创,wangjiananbj03,2026/7/6,14,11.87,0,0,0,215.82,0,0,0.00%,0.00%,-,0,0
,是,是,98cecbddbe210c963547fedf13c9b54f,-,-,-,-,-,https://tutor-online1.fbcontent.cn/growth/internal-material/1782201525719.98cecbddbe210c963547fedf13c9b54f.mov,0529-9物-玄武-李博-A2-B3-yfdwl0529b1浩2-卉-白-超-首-瑞晨混,-,,杜浩正,9元高中物理李博,9元高中物理李博,申坤,自有,自产原创,wangruixuebj01,2026/7/1,19,18.91,0,0,0,50.03,3782,0,1.32%,0%,-,0,0
子矜,是,否,331464da30981f9917a9c24365fef56b,-,-,-,-,-,https://tutor-online1.fbcontent.cn/growth/internal-material/1783417241400.331464da30981f9917a9c24365fef56b.mp4,0701-9物-自产-自产主-李博-曲中雨-子衿-A6-B1-无-2,-,,贾子矜,9元高中物理李博,9元高中物理李博,申坤,自有,自产原创,wangruixuebj01,2026/7/11,9,15.38,0,0,0,55.93,5126.67,0,1.45%,0%,-,0,0
子矜,是,否,11866d7252a10cf40a1dfe8cd63d2a00,-,-,-,-,-,https://tutor-online1.fbcontent.cn/growth/internal-material/1783067026514.11866d7252a10cf40a1dfe8cd63d2a00.mp4,0624-199双科-自产-自产主-李博-曲中雨-子衿---有-4,-,,贾子矜,199元高中双科提分课,199元高中双科提分课,自投放,自有,自产原创,wangjiananbj03,2026/7/14,6,14.59,0,0,0,68.18,0,0,0.00%,0.00%,-,0,0
婷玉,是,否,f843638e6d0fcc732c01571b10e411af,-,-,-,-,-,https://tutor-online1.fbcontent.cn/growth/internal-material/1783316031068.f843638e6d0fcc732c01571b10e411af.mp4,0624-199双科-自产-自产二-李博-曲中雨-婷玉-A6-B1-无-8,-,,吴婷玉,199元高中双科提分课,199元高中双科提分课,自投放,自有,自产原创,wangjiananbj03,2026/7/10,10,0.05,0,0,0,10,0,0,0.00%,0.00%,-,0,0
子矜,是,否,cc01ed4c6b50ad61990c38a21a33b009,-,-,-,-,-,https://tutor-online1.fbcontent.cn/growth/internal-material/1783416917924.cc01ed4c6b50ad61990c38a21a33b009.mov,0701-9物-自产-自产二-李博-曲中雨-子衿-A5-B1-无-4,-,,贾子矜,9元高中物理李博,9元高中物理李博,申坤,自有,自产原创,wangruixuebj01,2026/7/16,4,38.95,0,0,0,53.8,3540.91,0,1.38%,0%,-,0,0
子矜,是,是,46d52c44a28c39d36b5e28b7cd821253,-,-,-,-,-,https://tutor-online1.fbcontent.cn/growth/internal-material/1779778840745.46d52c44a28c39d36b5e28b7cd821253.mp4,0526-9物-自产-自产主-李博-曲中雨-子衿-A2-B1-无-28-亿晨混剪7,-,,张亿晨,9元高中物理李博,9元高中物理李博,申坤,自有,自产混剪,wangruixuebj01,2026/6/12,38,4320.91,153,17,0.04,208.88,10312.43,254.17,2.14%,3.85%,-,0.82,365.16
子矜,是,否,1b06bb5bc19a373e45e24204defec6e1,-,-,-,-,-,https://tutor-online1.fbcontent.cn/growth/internal-material/1781769532048.1b06bb5bc19a373e45e24204defec6e1.mp4,0610-9物-自产-自产二-李博-巽阳-子衿-A6-B1-有-10-SY,-,,韩晨国,9元高中物理李博,9元高中物理李博,申坤,自有,自产原创,wangruixuebj01,2026/6/19,31,24.82,0,0,0,52.92,1654.67,0,2.99%,0%,-,0,0
子矜,是,否,e9f62ed2fdc9fdd221c8357ee99c4247,-,-,-,-,-,https://tutor-online1.fbcontent.cn/growth/internal-material/1782382359340.e9f62ed2fdc9fdd221c8357ee99c4247.mp4,0617-199双科-自产-自产主-李博-视觉锤-子衿-A2-B1-有-7,-,,贾子矜,199元高中双科提分课,199元高中双科提分课,自投放,自有,自产原创,wangjiananbj03,2026/7/6,14,2.65,0,0,0,63.1,2650,0,2.38%,0%,-,0,0
子矜,是,是,0ff880d69923f29368986c02079bb51d,-,-,-,-,-,https://tutor-online1.fbcontent.cn/growth/internal-material/1782201527066.0ff880d69923f29368986c02079bb51d.mov,0526-9物-自产-自产主-李博-曲中雨-子衿-A2-B1-无-28-亿晨混剪7-瑞晨混剪,-,,杜浩正,9元高中物理李博,9元高中物理李博,申坤,自有,自产原创,wangruixuebj01,2026/6/25,25,1313.41,63,7,0.05,99.8,5889.73,187.63,1.79%,2.98%,-,0.53,282.51
小敏,是,否,2e686423658d26612fbfe54684a0a73d,-,-,-,-,-,https://tutor-online1.fbcontent.cn/growth/internal-material/1783328388272.2e686423658d26612fbfe54684a0a73d.mp4,0624-199双科-自产-自产二-李博-曲中雨-小敏-A6-B1-有-10,-,,曲敏,199元高中双科提分课,199元高中双科提分课,自投放,自有,自产原创,wangjiananbj03,2026/7/16,4,0.02,0,0,0,20,0,0,0.00%,0.00%,-,0,0
婷玉,是,否,b5096a5f184b07bee7d3309d6013f92b,-,-,-,-,-,https://tutor-online1.fbcontent.cn/growth/internal-material/1783316032643.b5096a5f184b07bee7d3309d6013f92b.mp4,0624-199双科-自产-自产二-李博-曲中雨-婷玉-A6-B1-有-7,-,,吴婷玉,199元高中双科提分课,199元高中双科提分课,自投放,自有,自产原创,wangjiananbj03,2026/7/9,11,0.94,0,0,0,33.57,0,0,0.00%,0.00%,-,0,0
子矜,是,否,15bd1cccd5ab765b7d44447dd051449b,-,-,-,-,-,https://tutor-online1.fbcontent.cn/growth/internal-material/1784014440544.15bd1cccd5ab765b7d44447dd051449b.mp4,0708-199双科-自产-自产主-李博-曲中雨-子衿-A5-B4-有2-4,-,,贾子矜,199元高中双科提分课,199元高中双科提分课,自投放,自有,自产原创,wangjiananbj03,2026/7/16,4,2.61,0,0,0,27.19,2610,0,1.04%,0%,-,0,0
子矜,是,否,d3b882a818c57e9699e604dcbe1076f8,-,-,-,-,-,https://tutor-online1.fbcontent.cn/growth/internal-material/1783067022153.d3b882a818c57e9699e604dcbe1076f8.mp4,0624-199双科-自产-自产主-李博-曲中雨-子衿---有-3,-,,贾子矜,199元高中双科提分课,199元高中双科提分课,自投放,自有,自产原创,wangjiananbj03,2026/7/9,11,18.3,0,0,0,81.33,9150,0,0.89%,0%,-,0,0
子矜,是,否,7364ea93531150b1e88067dbf8cac800,-,-,-,-,-,https://tutor-online1.fbcontent.cn/growth/internal-material/1782895392260.7364ea93531150b1e88067dbf8cac800.mp4,0624-9物-自产-自产主-李博-曲中雨-子衿---有-10,-,,贾子矜,9元高中物理李博,9元高中物理李博,申坤,自有,自产原创,wangruixuebj01,2026/7/4,16,2.54,0,0,0,39.08,0,0,1.54%,0%,-,0,0
子矜,是,否,a6a4058751078802e94268986b57d70b,-,-,-,-,-,https://tutor-online1.fbcontent.cn/growth/internal-material/1783066981394.a6a4058751078802e94268986b57d70b.mp4,0624-199双科-自产-自产主-李博-曲中雨-子衿---无-1,-,,贾子矜,199元高中双科提分课,199元高中双科提分课,自投放,自有,自产原创,wangjiananbj03,2026/7/9,11,7.56,0,0,0,100.8,0,0,0.00%,0.00%,-,0,0
小敏,是,否,567aa0d64babfa718d2776d3485b568a,-,-,-,-,-,https://tutor-online1.fbcontent.cn/growth/internal-material/1781503538047.567aa0d64babfa718d2776d3485b568a.mp4,0526-199双科-自产-自产二-王晶-亿晨-小敏-A7-B5-有-11,-,,曲敏,199元高中双科提分课,199元高中双科提分课,自投放,自有,自产原创,wangjiananbj03,2026/6/17,33,339.22,398,2,1.17,85.81,30838.18,169.61,0.38%,13.33%,-,0.51,36181.82
子矜,是,否,2e70791a68f36cbcd96fcbd761fe4ecf,-,-,-,-,-,https://tutor-online1.fbcontent.cn/growth/internal-material/1783417243066.2e70791a68f36cbcd96fcbd761fe4ecf.mp4,0701-9物-自产-自产主-李博-曲中雨-子衿-A5-B1-有-9,-,,贾子矜,9元高中物理李博,9元高中物理李博,申坤,自有,自产原创,wangruixuebj01,2026/7/14,6,1.63,0,0,0,30.75,1630,0,1.89%,0%,-,0,0
子矜,是,否,1e085a899cb2c34d8869dab320dbff7c,-,-,-,-,-,https://tutor-online1.fbcontent.cn/growth/internal-material/1782490321857.1e085a899cb2c34d8869dab320dbff7c.mp4,0617-9物-自产-自产二-李博-简末-子衿-A6-B5-有-8,-,,贾子矜,9元高中物理李博,9元高中物理李博,申坤,自有,自产原创,wangruixuebj01,2026/6/27,23,0.43,0,0,0,10.24,0,0,0.00%,0.00%,-,0,0
子矜,是,否,40c4b652df4154f8be2219da5012c009,-,-,-,-,-,https://tutor-online1.fbcontent.cn/growth/internal-material/1780393905644.40c4b652df4154f8be2219da5012c009.mp4,0527-9物-自产-自产二-李博-曲中雨-子衿-A2-B2-有-8-直播间,-,,贾子矜,9元高中物理李博,9元高中物理李博,申坤,自有,自产原创,wangruixuebj01,2026/6/15,35,20.34,0,0,0,79.76,0,0,0.39%,0%,-,0,0
子矜,是,否,193565127e944406b520f18ef511d6b5,-,-,-,-,-,https://tutor-online1.fbcontent.cn/growth/internal-material/1783417242610.193565127e944406b520f18ef511d6b5.mp4,0701-9物-自产-自产主-李博-曲中雨-子衿-A5-B1-有-6,-,,贾子矜,9元高中物理李博,9元高中物理李博,申坤,自有,自产原创,wangruixuebj01,2026/7/14,6,41.07,9,1,0.22,71.8,5867.14,41.07,1.40%,12.50%,-,1.75,1285.71
婷玉,是,否,274df9c496224167291da999890a11d6,-,-,-,-,-,https://tutor-online1.fbcontent.cn/growth/internal-material/1783418810217.274df9c496224167291da999890a11d6.mp4,0701-199双科-自产-自产主-李博-视觉锤-婷玉-A4-B2-无-8,-,,吴婷玉,199元高中双科提分课,199元高中双科提分课,自投放,自有,自产原创,wangjiananbj03,2026/7/9,11,417.82,0,0,0,131.14,9716.74,0,1.41%,0%,-,0,0
婷玉,是,否,0af20695a23d1532011c9601b105e5ed,-,-,-,-,-,https://tutor-online1.fbcontent.cn/growth/internal-material/1783316032629.0af20695a23d1532011c9601b105e5ed.mp4,0624-199双科-自产-自产主-李博-曲中雨-婷玉-A6-B1-有-8,-,,吴婷玉,199元高中双科提分课,199元高中双科提分课,自投放,自有,自产原创,wangjiananbj03,2026/7/10,10,62.2,0,0,0,141.69,20733.33,0,0.68%,0%,-,0,0
子矜,是,否,3011743f254e235ee04a908ef407bc72,-,-,-,-,-,https://tutor-online1.fbcontent.cn/growth/internal-material/1783417677152.3011743f254e235ee04a908ef407bc72.mp4,0701-199双科-自产-自产主-李博-视觉锤-子衿-A2-B1-有-1,-,,贾子矜,199元高中双科提分课,199元高中双科提分课,自投放,自有,自产原创,wangjiananbj03,2026/7/9,11,17.6,0,0,0,74.26,0,0,0.42%,0%,-,0,0
浩正,是,是,b94582206413821a917c9980ff37531b,-,-,-,-,-,https://tutor-online1.fbcontent.cn/growth/internal-material/1782812328038.b94582206413821a917c9980ff37531b.mov,0630-9物-自产-自产主-李博-视觉锤-浩正-A5-B1-有-15-瑞晨混剪-9,-,,龚瑞晨,9元高中物理李博,9元高中物理李博,申坤,自有,自产混剪,wangruixuebj01,2026/7/1,19,126.68,9,1,0.07,60.7,3016.19,126.68,2.35%,2.04%,-,0.48,214.29
雅迪,是,否,0f7cc405a4be1fa4605f0b0a4d5fd80e,-,-,-,-,-,https://tutor-online1.fbcontent.cn/growth/internal-material/1778581776108.0f7cc405a4be1fa4605f0b0a4d5fd80e.mp4,0508-199双科-自产-自产主-李博-视觉锤-雅迪-A1-B4B6-有-12,-,,王雅迪,199元高中双科提分课,199元高中双科提分课,自投放,自有,自产原创,wangjiananbj03,2026/6/29,21,193.51,0,0,0,294.09,17591.82,0,2.43%,0%,-,0,0
子矜,是,否,86889bfab008edf9d34b59fd11106860,-,-,-,-,-,https://tutor-online1.fbcontent.cn/growth/internal-material/1782490061598.86889bfab008edf9d34b59fd11106860.mp4,0617-9物-自产-自产二-李博-简末-子衿-A6-B2-无-5,-,,贾子矜,9元高中物理李博,9元高中物理李博,申坤,自有,自产原创,wangruixuebj01,2026/6/30,20,1.69,0,0,0,28.17,563.33,0,3.33%,0%,-,0,0
雅迪,是,否,a30c6902e3c681d2027f44625ca46693,-,-,-,-,-,https://tutor-online1.fbcontent.cn/growth/internal-material/1777274646935.a30c6902e3c681d2027f44625ca46693.mp4,0422-9物-自产-自产主-李博-视觉锤-雅迪-A5-B2-有-2,-,,王雅迪,9元高中物理李博,9元高中物理李博,申坤,自有,自产原创,wangruixuebj01,2026/6/23,27,0,0,0,0,0,0,0,0.00%,0.00%,-,0,0
子矜,是,否,f65daa3fcd8602331f5edd06c665097f,-,-,-,-,-,https://tutor-online1.fbcontent.cn/growth/internal-material/1782382514094.f65daa3fcd8602331f5edd06c665097f.mp4,0617-199双科-自产-自产主-李博-视觉锤-子衿-A6-B3-有-10,-,,贾子矜,199元高中双科提分课,199元高中双科提分课,自投放,自有,自产原创,wangjiananbj03,2026/7/6,14,0.12,0,0,0,30,0,0,0.00%,0.00%,-,0,0
雅迪,是,否,5ef4ab0e53e8e4ade7b393744bf7d1cb,-,-,-,-,-,https://tutor-online1.fbcontent.cn/growth/internal-material/1780369892675.5ef4ab0e53e8e4ade7b393744bf7d1cb.mp4,0527-9物-自产-自产二-李博-视觉锤-雅迪-A5-B1-有-19,-,,王雅迪,9元高中物理李博,9元高中物理李博,申坤,自有,自产原创,wangruixuebj01,2026/6/15,35,0.02,0,0,0,10,0,0,0.00%,0.00%,-,0,0
子矜,是,否,bdc8275337c201b5d4564fe4bcf96613,-,-,-,-,-,https://tutor-online1.fbcontent.cn/growth/internal-material/1783417547356.bdc8275337c201b5d4564fe4bcf96613.mp4,0701-199双科-自产-自产二-李博-视觉锤-子衿-A2-B1-有-1,-,,贾子矜,199元高中双科提分课,199元高中双科提分课,自投放,自有,自产原创,wangjiananbj03,2026/7/11,9,4,0,0,0,57.14,0,0,1.43%,0%,-,0,0
雅迪,是,否,ecf6286601da1029eb0aade214c6c716,-,-,-,-,-,https://tutor-online1.fbcontent.cn/growth/internal-material/1781582192267.ecf6286601da1029eb0aade214c6c716.mp4,0610-9物-自产-自产二-李博-视觉锤-雅迪-A5-B2-有-17,-,,王雅迪,9元高中物理李博,9元高中物理李博,申坤,自有,自产原创,wangruixuebj01,2026/7/10,10,173.1,0,0,0,105.29,6411.11,0,2.07%,0%,-,0,0
子矜,是,否,e40f200c8c12eab8dff050ef9089a919,-,-,-,-,-,https://tutor-online1.fbcontent.cn/growth/internal-material/1783066981857.e40f200c8c12eab8dff050ef9089a919.mp4,0624-199双科-自产-自产二-李博-曲中雨-子衿---无-1,-,,贾子矜,199元高中双科提分课,199元高中双科提分课,自投放,自有,自产原创,wangjiananbj03,2026/7/9,11,6.63,0,0,0,37.25,0,0,0.56%,0%,-,0,0
浩正,是,否,418396488dba41637a0457ad9a566430,-,-,-,-,-,https://tutor-online1.fbcontent.cn/growth/internal-material/1782471949863.418396488dba41637a0457ad9a566430.mp4,0618-9物-自产-自产主--曲中雨-浩正-书展--有-28,-,,杜浩正,9元高中物理李博,9元高中物理李博,申坤,自有,自产原创,wangruixuebj01,2026/7/1,19,1030.71,27,3,0.03,128.09,7207.76,343.57,1.81%,2.05%,-,0.37,188.81
,是,是,89be98e4befa537f130cc4500ee05bc1,-,-,-,-,-,https://tutor-online1.fbcontent.cn/growth/internal-material/1779701752565.89be98e4befa537f130cc4500ee05bc1.mov,0525-9物-自产-李博-有-混剪-12,-,,龚瑞晨,9元高中物理李博,9元高中物理李博,申坤,自有,自产原创,wangruixuebj01,2026/6/12,38,50.37,0,0,0,145.58,5037,0,3.47%,0%,-,0,0
子矜,是,否,2d71db9436c5a865de5db6a8a831d47f,-,-,-,-,-,https://tutor-online1.fbcontent.cn/growth/internal-material/1782895269385.2d71db9436c5a865de5db6a8a831d47f.mp4,0624-9物-自产-自产主-李博-曲中雨-子衿---无-7,-,,贾子矜,9元高中物理李博,9元高中物理李博,申坤,自有,自产原创,wangruixuebj01,2026/7/11,9,243,0,0,0,119.29,6750,0,1.72%,0%,-,0,0
子矜,是,否,d072daa73717cfedf6fc1f53f0bce9d1,-,-,-,-,-,https://tutor-online1.fbcontent.cn/growth/internal-material/1784014435025.d072daa73717cfedf6fc1f53f0bce9d1.mp4,0708-199双科-自产-自产主-李博-曲中雨-子衿-A5-B4-有1-4,-,,贾子矜,199元高中双科提分课,199元高中双科提分课,自投放,自有,自产原创,wangjiananbj03,2026/7/16,4,8.24,0,0,0,171.67,0,0,0.00%,0.00%,-,0,0
浩正,是,否,9ff542e55c7a5bd2c1cc3071c9fac6ba,-,-,-,-,-,https://tutor-online1.fbcontent.cn/growth/internal-material/1782471928430.9ff542e55c7a5bd2c1cc3071c9fac6ba.mp4,0618-9物-自产-自产二--曲中雨-浩正-书展--有-27,-,,杜浩正,9元高中物理李博,9元高中物理李博,申坤,自有,自产原创,wangruixuebj01,2026/7/1,19,0.34,0,0,0,12.59,0,0,0.00%,0.00%,-,0,0
子矜,是,否,8aafab5012ce9c8185c940103b65826f,-,-,-,-,-,https://tutor-online1.fbcontent.cn/growth/internal-material/1782895269369.8aafab5012ce9c8185c940103b65826f.mp4,0624-9物-自产-自产主-李博-曲中雨-子衿---无-2,-,,贾子矜,9元高中物理李博,9元高中物理李博,申坤,自有,自产原创,wangruixuebj01,2026/7/7,13,0.07,0,0,0,7,0,0,0.00%,0.00%,-,0,0
子矜,是,否,aa48eda99a33652c94882288125c27c2,-,-,-,-,-,https://tutor-online1.fbcontent.cn/growth/internal-material/1782382357561.aa48eda99a33652c94882288125c27c2.mp4,0617-199双科-自产-自产主-李博-视觉锤-子衿-A1-B2-无-2,-,,贾子矜,199元高中双科提分课,199元高中双科提分课,自投放,自有,自产原创,wangjiananbj03,2026/7/14,6,43.3,0,0,0,125.51,43300,0,0.29%,0%,-,0,0
浩正,是,否,e77a0a04d0f85c80c3b0eb2f65941b52,-,-,-,-,-,https://tutor-online1.fbcontent.cn/growth/internal-material/1781580789227.e77a0a04d0f85c80c3b0eb2f65941b52.mp4,0610-9物-自产-自产二-李博-曲中雨-浩正-A5-B1-有-14,-,,杜浩正,9元高中物理李博,9元高中物理李博,申坤,自有,自产原创,wangruixuebj01,2026/6/17,33,70.24,9,1,0.13,72.26,8780,70.24,0.93%,11.11%,-,1.03,1125
浩正,是,否,418396488dba41637a0457ad9a566430,-,-,-,-,-,https://tutor-online1.fbcontent.cn/growth/internal-material/1782471949863.418396488dba41637a0457ad9a566430.mp4,0618-9物-自产-自产主--曲中雨-浩正-书展--有-28,-,,杜浩正,9元高中物理李博,9元高中物理李博,申坤,自有,自产原创,wangruixuebj01,2026/6/29,21,0,18,2,0,0,0,0,0.00%,0.00%,-,0,0
,是,是,a4422ac7faa95cdee808ef79715c7f30,-,-,-,-,-,https://tutor-online1.fbcontent.cn/growth/internal-material/1782201524341.a4422ac7faa95cdee808ef79715c7f30.mov,9元视频978-0525-9物-十人-bmqr-ylb-A2-B4-jzmj-pwjl-2-瑞晨混2,-,,杜浩正,9元高中物理李博,9元高中物理李博,申坤,自有,自产原创,wangruixuebj01,2026/6/25,25,0,0,0,0,0,0,0,0.00%,0.00%,-,0,0
子矜,是,否,68b0929d66b829a7f10bf8c367a87c7a,-,-,-,-,-,https://tutor-online1.fbcontent.cn/growth/internal-material/1783417547756.68b0929d66b829a7f10bf8c367a87c7a.mp4,0701-199双科-自产-自产二-李博-视觉锤-子衿-A5-B2-有-4,-,,贾子矜,199元高中双科提分课,199元高中双科提分课,自投放,自有,自产原创,wangjiananbj03,2026/7/10,10,258.75,398,2,1.54,70.22,64687.5,129.38,0.62%,8.70%,-,0.54,99500
子矜,是,否,2062a0e754be34f1542e290360d86e44,-,-,-,-,-,https://tutor-online1.fbcontent.cn/growth/internal-material/1780393989328.2062a0e754be34f1542e290360d86e44.mp4,0527-9物-自产-自产主-李博-曲中雨-子衿-A5-B2-无-7-直播间,-,,贾子矜,9元高中物理李博,9元高中物理李博,申坤,自有,自产原创,wangruixuebj01,2026/6/15,35,0,9,1,0,0,0,0,0.00%,0.00%,-,0,0
子矜,是,否,4c604d9de353b9ac2bc9c5d6560d43ca,-,-,-,-,-,https://tutor-online1.fbcontent.cn/growth/internal-material/1783417243374.4c604d9de353b9ac2bc9c5d6560d43ca.mp4,0701-9物-自产-自产主-李博-曲中雨-子衿-A5-B2-有-1,-,,贾子矜,9元高中物理李博,9元高中物理李博,申坤,自有,自产原创,wangruixuebj01,-,-,0,0,0,0,0,0,0,0.00%,0.00%,-,0,0
子矜,是,否,2df91ed782cbd53a8a4772b728f44d41,-,-,-,-,-,https://tutor-online1.fbcontent.cn/growth/internal-material/1783066983577.2df91ed782cbd53a8a4772b728f44d41.mp4,0624-199双科-自产-自产二-李博-曲中雨-子衿---有2-3,-,,贾子矜,199元高中双科提分课,199元高中双科提分课,自投放,自有,自产原创,wangjiananbj03,2026/7/15,5,188.06,0,0,0,88.79,4948.95,0,1.79%,0%,-,0,0
子矜,是,否,47f69490c3f596cd9cf6e2073e6edd74,-,-,-,-,-,https://tutor-online1.fbcontent.cn/growth/internal-material/1784014391312.47f69490c3f596cd9cf6e2073e6edd74.mp4,0708-199双科-自产-自产主-李博-曲中雨-子衿-A5-B2-有2-1,-,,贾子矜,199元高中双科提分课,199元高中双科提分课,自投放,自有,自产原创,wangjiananbj03,2026/7/16,4,2.1,0,0,0,48.84,2100,0,2.33%,0%,-,0,0
婷玉,是,否,2fd00bca5ebbaa3100a2158d9852ed9f,-,-,-,-,-,https://tutor-online1.fbcontent.cn/growth/internal-material/1783418810734.2fd00bca5ebbaa3100a2158d9852ed9f.mp4,0701-199双科-自产-自产二-李博-视觉锤-婷玉-A4-B2-有-8,-,,吴婷玉,199元高中双科提分课,199元高中双科提分课,自投放,自有,自产原创,wangjiananbj03,2026/7/9,11,256.39,0,0,0,169.91,13494.21,0,1.79%,0%,-,0,0
子矜,是,否,1514e13931c21907a480f30eb81f3275,-,-,-,-,-,https://tutor-online1.fbcontent.cn/growth/internal-material/1783417026185.1514e13931c21907a480f30eb81f3275.mp4,0701-9物-自产-自产二-李博-曲中雨-子衿-A6-B1-无-7,-,,贾子矜,9元高中物理李博,9元高中物理李博,申坤,自有,自产原创,wangruixuebj01,2026/7/19,1,0,0,0,0,0,0,0,0.00%,0.00%,-,0,0
小敏,是,否,bafc3ee087e8b5dfe0f44ad8aab04f1f,-,-,-,-,-,https://tutor-online1.fbcontent.cn/growth/internal-material/1783328388372.bafc3ee087e8b5dfe0f44ad8aab04f1f.mp4,0624-199双科-自产-自产主-李博-曲中雨-小敏-A7-B1-有-9,-,,曲敏,199元高中双科提分课,199元高中双科提分课,自投放,自有,自产原创,wangjiananbj03,2026/7/9,11,49.09,0,0,0,72.09,0,0,0.44%,0%,-,0,0
雅迪,是,否,60fda511de23511be14bbd8d8186fc12,-,-,-,-,-,https://tutor-online1.fbcontent.cn/growth/internal-material/1778581745046.60fda511de23511be14bbd8d8186fc12.mp4,0508-199双科-自产-自产主-李博-视觉锤-雅迪-A5-B1-无-17,-,,王雅迪,199元高中双科提分课,199元高中双科提分课,自投放,自有,自产原创,wangjiananbj03,2026/5/19,62,29.32,0,0,0,138.96,14660,0,0.47%,0%,-,0,0
婷玉,是,否,7fb073419df5ba13851a4777caf2bedf,-,-,-,-,-,https://tutor-online1.fbcontent.cn/growth/internal-material/1783316033063.7fb073419df5ba13851a4777caf2bedf.mp4,0624-199双科-自产-自产二-李博-曲中雨-婷玉-A6-B1-有-8,-,,吴婷玉,199元高中双科提分课,199元高中双科提分课,自投放,自有,自产原创,wangjiananbj03,2026/7/9,11,8.39,0,0,0,95.34,0,0,0.00%,0.00%,-,0,0
子矜,是,否,8d668df2abf53bcdf14c11c1295cecbb,-,-,-,-,-,https://tutor-online1.fbcontent.cn/growth/internal-material/1779470003836.8d668df2abf53bcdf14c11c1295cecbb.mp4,0521-9物-自产-自产二-李博-曲中雨-子衿-A5效果保证-B1效果方法体系-有-4,-,,贾子矜,9元高中物理李博,9元高中物理李博,十人,自有,自产原创,wangruixuebj01,2026/5/27,54,905.13,18,2,0.02,291.13,47638.42,452.57,1.16%,5.56%,-,0.64,947.37
子矜,是,否,d12e0a9644d67fb91be1aee5affaeee4,-,-,-,-,-,https://tutor-online1.fbcontent.cn/growth/internal-material/1781350869321.d12e0a9644d67fb91be1aee5affaeee4.mp4,0603-199双科-自产-自产主-李博-巽阳-子衿-A3-B1-无-4,-,,贾子矜,199元高中双科提分课,199元高中双科提分课,自投放,自有,自产原创,wangjiananbj03,2026/6/23,27,16.35,0,0,0,118.48,16350,0,0.72%,0%,-,0,0
,是,是,f68b978ec085f2339137aba107731ca2,-,-,-,-,-,https://tutor-online1.fbcontent.cn/growth/internal-material/1782201527178.f68b978ec085f2339137aba107731ca2.mov,9元视频967-0519-9物-十人-bmqr-ylb-A2-B4-jjsx-pwjl-3-瑞晨混,-,,杜浩正,9元高中物理李博,9元高中物理李博,申坤,自有,自产原创,wangruixuebj01,2026/6/25,25,19159.48,657,73,0.03,103.66,6251.05,262.46,1.74%,2.26%,-,0.39,214.36
子矜,是,否,00a5c2b3c45bf17530900c0a54eb7529,-,-,-,-,-,https://tutor-online1.fbcontent.cn/growth/internal-material/1783066982114.00a5c2b3c45bf17530900c0a54eb7529.mp4,0624-199双科-自产-自产二-李博-曲中雨-子衿---无-2,-,,贾子矜,199元高中双科提分课,199元高中双科提分课,自投放,自有,自产原创,wangjiananbj03,2026/7/9,11,6.42,0,0,0,103.55,6420,0,1.61%,0%,-,0,0
子矜,是,否,1825fff0abea96804795aa4ac3e18571,-,-,-,-,-,https://tutor-online1.fbcontent.cn/growth/internal-material/1783329830726.1825fff0abea96804795aa4ac3e18571.mp4,0617-9物-自产-自产主-李博-曲中雨-子衿-A5-B1-有-3,-,,韩晨国,9元高中物理李博,9元高中物理李博,申坤,自有,自产原创,wangruixuebj01,2026/7/13,7,0.03,0,0,0,5,0,0,0.00%,0.00%,-,0,0
子矜,是,否,d43e1557c7cf9338cf13269871a9d7b5,-,-,-,-,-,https://tutor-online1.fbcontent.cn/growth/internal-material/1775548306156.d43e1557c7cf9338cf13269871a9d7b5.mp4,0401-9物-自产-自产主-李博-曲中雨-子衿-A3-B1-有-23-前贴2,-,,贾子矜,9元高中物理李博,9元高中物理李博,玄武,自有,自产原创,wangruixuebj01,2026/5/23,58,7960.43,297,33,0.04,185.8,17611.57,241.23,1.51%,5.12%,-,0.77,657.08
雅迪,是,否,01ff8cd1a0e20d01ec8adf04e9570546,-,-,-,-,-,https://tutor-online1.fbcontent.cn/growth/internal-material/1781582193143.01ff8cd1a0e20d01ec8adf04e9570546.mp4,0610-9物-自产-自产二-李博-视觉锤-雅迪-A5-B1-有-20,-,,王雅迪,9元高中物理李博,9元高中物理李博,申坤,自有,自产原创,wangruixuebj01,2026/7/10,10,17.13,9,1,0.53,23.47,778.64,17.13,2.74%,5.00%,-,1.37,409.09
嘉丽,是,是,6f87a8252e638dbf700e1045219578ba,-,-,-,-,-,https://tutor-online1.fbcontent.cn/growth/internal-material/1781769257350.6f87a8252e638dbf700e1045219578ba.mp4,0618-9物-自产-自产二-李博-巽阳YS-子衿-A6-B1B2-有-20-嘉丽混剪-1,-,,魏嘉丽,9元高中物理李博,9元高中物理李博,申坤,自有,自产原创,wangruixuebj01,2026/6/19,31,35.29,0,0,0,83.82,3529,0,2.38%,0%,-,0,0
子矜,是,否,2e061ff3685a31ebd89a3ed533b748a8,-,-,-,-,-,https://tutor-online1.fbcontent.cn/growth/internal-material/1781769952310.2e061ff3685a31ebd89a3ed533b748a8.mp4,0527-9物-自产-自产主-李博-曲中雨-子衿-A5-B2-有-3-直播间,-,,韩晨国,9元高中物理李博,9元高中物理李博,申坤,自有,自产原创,wangruixuebj01,2026/6/18,32,8.01,0,0,0,63.07,8010,0,2.36%,0%,-,0,0
子矜,是,否,0a9055bfc21fcefd27037f9aaf5820a5,-,-,-,-,-,https://tutor-online1.fbcontent.cn/growth/internal-material/1783417000342.0a9055bfc21fcefd27037f9aaf5820a5.mp4,0701-9物-自产-自产二-李博-曲中雨-子衿-A5-B1-无-4,-,,贾子矜,9元高中物理李博,9元高中物理李博,申坤,自有,自产原创,wangruixuebj01,2026/7/16,4,46.7,0,0,0,42.45,2457.89,0,1.82%,0%,-,0,0
子矜,是,否,410664caa08019344791e56aec4b5184,-,-,-,-,-,https://tutor-online1.fbcontent.cn/growth/internal-material/1782382358496.410664caa08019344791e56aec4b5184.mp4,0617-199双科-自产-自产主-李博-视觉锤-子衿-A2-B4-有-4,-,,贾子矜,199元高中双科提分课,199元高中双科提分课,自投放,自有,自产原创,wangjiananbj03,2026/7/6,14,0.13,0,0,0,16.25,0,0,0.00%,0.00%,-,0,0
子矜,是,是,84f0925c97460a314b8af509b902159a,-,-,-,-,-,https://tutor-online1.fbcontent.cn/growth/internal-material/1782814055472.84f0925c97460a314b8af509b902159a.mov,0630-9物-自产-自产二-李博-巽阳YS-子衿-A6-B1B2-有-20-魏怡混剪-3,-,,魏怡,9元高中物理李博,9元高中物理李博,申坤,自有,自产混剪,wangruixuebj01,2026/7/3,17,16.63,0,0,0,60.47,4157.5,0,1.82%,0%,-,0,0
子矜,是,否,5a6b5100cc89ff355027bcd25edd11bd,-,-,-,-,-,https://tutor-online1.fbcontent.cn/growth/internal-material/1779706273740.5a6b5100cc89ff355027bcd25edd11bd.mp4,0520-199双科-自产-自产主-李博-曲中雨-子衿-A5-B2-有-4,-,,贾子矜,199元高中双科提分课,199元高中双科提分课,自投放,自有,自产原创,wangjiananbj03,2026/6/2,48,375.23,199,0,0.53,234.37,23451.88,0,1.37%,0%,-,0,12437.5
子矜,是,否,d8fb479f93080a9d148c22fc399fe570,-,-,-,-,-,https://tutor-online1.fbcontent.cn/growth/internal-material/1783417677608.d8fb479f93080a9d148c22fc399fe570.mp4,0701-199双科-自产-自产主-李博-视觉锤-子衿-A2-B1-无-3,-,,贾子矜,199元高中双科提分课,199元高中双科提分课,自投放,自有,自产原创,wangjiananbj03,2026/7/10,10,3.04,0,0,0,84.44,0,0,0.00%,0.00%,-,0,0
子矜,是,否,8efedbb98a5e5c9440007d15e64c0ee5,-,-,-,-,-,https://tutor-online1.fbcontent.cn/growth/internal-material/1783416917848.8efedbb98a5e5c9440007d15e64c0ee5.mov,0701-9物-自产-自产二-李博-曲中雨-子衿-A6-B1-有2-7,-,,贾子矜,9元高中物理李博,9元高中物理李博,申坤,自有,自产原创,wangruixuebj01,2026/7/16,4,0.28,0,0,0,15.56,0,0,0.00%,0.00%,-,0,0
嘉丽,是,是,db1babda3116d3179e227e1d4d70d38e,-,-,-,-,-,https://tutor-online1.fbcontent.cn/growth/internal-material/1781769257343.db1babda3116d3179e227e1d4d70d38e.mp4,0618-9物-自产-自产二-李博-曲中雨-子衿-A3-B1-有-23-前贴1-嘉丽混剪-2,-,,魏嘉丽,9元高中物理李博,9元高中物理李博,申坤,自有,自产原创,wangruixuebj01,2026/6/19,31,0.03,0,0,0,10,0,0,0.00%,0.00%,-,0,0
浩正,是,否,57e5663033769063353d79c3b8277654,-,-,-,-,-,https://tutor-online1.fbcontent.cn/growth/internal-material/1782471928458.57e5663033769063353d79c3b8277654.mp4,0618-9物-自产-自产主--曲中雨-浩正-书展--无-26,-,,杜浩正,9元高中物理李博,9元高中物理李博,申坤,自有,自产原创,wangruixuebj01,2026/7/1,19,304.57,0,0,0,83.72,5746.6,0,1.46%,0%,-,0,0
小敏,是,否,29d0345c0c1451fcb6ebe749cecda046,-,-,-,-,-,https://tutor-online1.fbcontent.cn/growth/internal-material/1782289747804.29d0345c0c1451fcb6ebe749cecda046.mp4,0616-199双科-自产-自产主-王晶-曲中雨-小敏-A6-B6-无-2,-,,曲敏,199元高中双科提分课,199元高中双科提分课,自投放,自有,自产原创,wangjiananbj03,2026/6/25,25,37.8,0,0,0,70.65,0,0,0.19%,0%,-,0,0
嘉丽,是,否,a02d3395d557471218fe43c3373ea40d,-,-,-,-,-,https://tutor-online1.fbcontent.cn/growth/internal-material/1783678654330.a02d3395d557471218fe43c3373ea40d.mp4,0701-199双科-自产-自产二-李博-视觉锤-嘉丽-A7-B1-有-5,-,,魏嘉丽,199元高中双科提分课,199元高中双科提分课,自投放,自有,自产原创,wangjiananbj03,2026/7/16,4,3.65,0,0,0,96.05,0,0,0.00%,0.00%,-,0,0
雅迪,是,否,3c98a38492fce37c78afc671a5684477,-,-,-,-,-,https://tutor-online1.fbcontent.cn/growth/internal-material/1781582193092.3c98a38492fce37c78afc671a5684477.mp4,0610-9物-自产-自产二-李博-视觉锤-雅迪-A5-B1B4-有-19,-,,王雅迪,9元高中物理李博,9元高中物理李博,申坤,自有,自产原创,wangruixuebj01,2026/7/10,10,232.16,0,0,0,95.93,8598.52,0,1.32%,0%,-,0,0
雅迪,是,否,f8281e675db9297d92fecda7035fa024,-,-,-,-,-,https://tutor-online1.fbcontent.cn/growth/internal-material/1782295096209.f8281e675db9297d92fecda7035fa024.mp4,0617-9物-自产-自产二-李博-视觉锤-雅迪-A5-B2-无-17,-,,王雅迪,9元高中物理李博,9元高中物理李博,申坤,自有,自产原创,wangruixuebj01,2026/6/26,24,0.01,0,0,0,1.25,0,0,0.00%,0.00%,-,0,0
子矜,是,否,7eda4934e24f422c0dfcd42f6597fe93,-,-,-,-,-,https://tutor-online1.fbcontent.cn/growth/internal-material/1780916667577.7eda4934e24f422c0dfcd42f6597fe93.mp4,0603-9物-自产-自产主-李博-曲中雨-子衿-A7-B1-无-7-直播间,-,,贾子矜,9元高中物理李博,9元高中物理李博,申坤,自有,自产原创,wangruixuebj01,2026/6/10,40,0.39,0,0,0,43.33,0,0,0.00%,0.00%,-,0,0
嘉丽,是,否,7f0cac7cd1ca1ffb48dac1d87a6bed44,-,-,-,-,-,https://tutor-online1.fbcontent.cn/growth/internal-material/1783678654342.7f0cac7cd1ca1ffb48dac1d87a6bed44.mp4,0701-199双科-自产-自产主-李博-视觉锤-嘉丽-A6-B1-无-6,-,,魏嘉丽,199元高中双科提分课,199元高中双科提分课,自投放,自有,自产原创,wangjiananbj03,2026/7/16,4,14.45,0,0,0,222.31,14450,0,1.54%,0%,-,0,0
雅迪,是,否,428beb71003e2c7dc62de219d49c0216,-,-,-,-,-,https://tutor-online1.fbcontent.cn/growth/internal-material/1777344267881.428beb71003e2c7dc62de219d49c0216.mp4,0429-9物-自产-自产二-李博-曲中雨-雅迪-A5-B2-有-14,-,,王雅迪,9元高中物理李博,9元高中物理李博,申坤,自有,自产原创,wangruixuebj01,2026/6/22,28,0.14,0,0,0,7.37,0,0,0.00%,0.00%,-,0,0
浩正,是,否,cd4f635687beaa20e346a767501e2797,-,-,-,-,-,https://tutor-online1.fbcontent.cn/growth/internal-material/1780397766113.cd4f635687beaa20e346a767501e2797.mp4,0527-9物-自产-自产二-李博-曲中雨-浩正-A5-B1-无-14-直播间,-,,杜浩正,9元高中物理李博,9元高中物理李博,申坤,自有,自产原创,wangruixuebj01,2026/6/15,35,502.23,9,1,0.02,75.59,3536.83,502.23,2.11%,0.71%,-,0.15,63.38
浩正,是,否,658b5c16e1c6ef3dc4721ee47090de48,-,-,-,-,-,https://tutor-online1.fbcontent.cn/growth/internal-material/1781580856064.658b5c16e1c6ef3dc4721ee47090de48.mp4,0610-9物-自产-自产主-李博-曲中雨-浩正-A5-B1-无-11,-,,杜浩正,9元高中物理李博,9元高中物理李博,申坤,自有,自产原创,wangruixuebj01,2026/6/17,33,27.6,0,0,0,79.31,3450,0,3.16%,0%,-,0,0
子矜,是,否,1b9c6e661047ec7a16a0590b62a83f19,-,-,-,-,-,https://tutor-online1.fbcontent.cn/growth/internal-material/1783417248569.1b9c6e661047ec7a16a0590b62a83f19.mp4,0701-9物-自产-自产主-李博-曲中雨-子衿-A6-B1-无-7,-,,贾子矜,9元高中物理李博,9元高中物理李博,申坤,自有,自产原创,wangruixuebj01,2026/7/11,9,64.97,0,0,0,112.02,3821.76,0,3.10%,0%,-,0,0
子矜,是,否,0027d89f58e0db5b7c32c483b2464661,-,-,-,-,-,https://tutor-online1.fbcontent.cn/growth/internal-material/1782490057582.0027d89f58e0db5b7c32c483b2464661.mp4,0617-9物-自产-自产二-李博-简末-子衿-A6-B1-无-1,-,,贾子矜,9元高中物理李博,9元高中物理李博,申坤,自有,自产原创,wangruixuebj01,2026/6/27,23,0.07,0,0,0,23.33,0,0,0.00%,0.00%,-,0,0
子矜,是,否,412436d1d5ec56c7c5a4a617288b8ab0,-,-,-,-,-,https://tutor-online1.fbcontent.cn/growth/internal-material/1783067012219.412436d1d5ec56c7c5a4a617288b8ab0.mp4,0624-199双科-自产-自产主-李博-曲中雨-子衿---无-4,-,,贾子矜,199元高中双科提分课,199元高中双科提分课,自投放,自有,自产原创,wangjiananbj03,2026/7/11,9,6.01,0,0,0,21.31,0,0,0.35%,0%,-,0,0
子矜,是,否,790c307f0b9103a9d4ae05aba79d4f77,-,-,-,-,-,https://tutor-online1.fbcontent.cn/growth/internal-material/1780393699557.790c307f0b9103a9d4ae05aba79d4f77.mp4,0527-9物-自产-自产主-李博-曲中雨-子衿-A6-B2-有-4,-,,贾子矜,9元高中物理李博,9元高中物理李博,申坤,自有,自产原创,wangruixuebj01,2026/6/17,33,27.37,9,1,0.33,53.25,2737,27.37,1.75%,11.11%,-,1.95,900
子矜,是,是,dc94e7e7366ead2e59c7a106254eafc1,-,-,-,-,-,https://tutor-online1.fbcontent.cn/growth/internal-material/1782814055464.dc94e7e7366ead2e59c7a106254eafc1.mov,0630-9物-自产-自产二-李博-曲中雨-子衿-A7-B2-有-6-魏怡混剪-5,-,,魏怡,9元高中物理李博,9元高中物理李博,申坤,自有,自产混剪,wangruixuebj01,2026/7/3,17,70.17,9,1,0.13,111.91,6379.09,70.17,1.91%,8.33%,-,1.59,818.18
雅迪,是,否,ec0830293772f880de56bd5a30f1c8d7,-,-,-,-,-,https://tutor-online1.fbcontent.cn/growth/internal-material/1781601436582.ec0830293772f880de56bd5a30f1c8d7.mp4,0508-199双科-自产-自产主-李博-视觉锤-雅迪-A5-B2-无-19,-,,韩晨国,199元高中双科提分课,199元高中双科提分课,自投放,自有,自产原创,wangjiananbj03,2026/7/6,14,239.09,0,0,0,149.9,34155.71,0,0.75%,0%,-,0,0
子矜,是,否,884e9a41a94c31ffc5b5598a97f67c8c,-,-,-,-,-,https://tutor-online1.fbcontent.cn/growth/internal-material/1780394060654.884e9a41a94c31ffc5b5598a97f67c8c.mp4,0527-9物-自产-自产主-李博-曲中雨-子衿-A7-B2-有-6,-,,贾子矜,9元高中物理李博,9元高中物理李博,申坤,自有,自产原创,wangruixuebj01,2026/6/15,35,308.03,9,1,0.03,63.63,4529.85,308.03,2.21%,0.93%,-,0.21,132.35
嘉丽,是,否,327c30df5f2ff5f438fa5c2f1c94dec7,-,-,-,-,-,https://tutor-online1.fbcontent.cn/growth/internal-material/1781602450930.327c30df5f2ff5f438fa5c2f1c94dec7.mp4,0520-199双科-自产-自产二-李博-视觉锤-嘉丽-A6-B1-有-18,-,,韩晨国,199元高中双科提分课,199元高中双科提分课,自投放,自有,自产原创,wangjiananbj03,2026/6/25,25,344.06,199,1,0.58,68.54,22937.33,344.06,0.48%,4.17%,-,0.2,13266.67
子矜,是,否,68f757d575aaf8195b6bd31e16a26817,-,-,-,-,-,https://tutor-online1.fbcontent.cn/growth/internal-material/1780393906984.68f757d575aaf8195b6bd31e16a26817.mp4,0527-9物-自产-自产二-李博-曲中雨-子衿-A5-B2-无-3-直播间,-,,贾子矜,9元高中物理李博,9元高中物理李博,申坤,自有,自产原创,wangruixuebj01,2026/6/15,35,643.17,45,5,0.07,141.39,12863.4,128.63,1.36%,8.06%,-,1.1,900
婷玉,是,否,1647357efcb564b4be7c752c70d28fda,-,-,-,-,-,https://tutor-online1.fbcontent.cn/growth/internal-material/1783316032109.1647357efcb564b4be7c752c70d28fda.mp4,0624-199双科-自产-自产主-李博-曲中雨-婷玉-A6-B1-无-8,-,,吴婷玉,199元高中双科提分课,199元高中双科提分课,自投放,自有,自产原创,wangjiananbj03,2026/7/9,11,62.65,0,0,0,139.84,0,0,0.00%,0.00%,-,0,0
子矜,是,否,a23bdf6494ae90a901cd29639a8c9fbd,-,-,-,-,-,https://tutor-online1.fbcontent.cn/growth/internal-material/1781353900819.a23bdf6494ae90a901cd29639a8c9fbd.mp4,0602-199双科-自产-自产主-王晶-巽阳-子衿-A2-B1-有-2-HJ,-,,贾子矜,199元高中双科提分课,199元高中双科提分课,自投放,自有,自产原创,wangjiananbj03,2026/6/17,33,412.9,0,0,0,92.17,37536.36,0,0.29%,0%,-,0,0
小敏,是,否,f73474b3595571b16bb9286be6d410c4,-,-,-,-,-,https://tutor-online1.fbcontent.cn/growth/internal-material/1780041102286.f73474b3595571b16bb9286be6d410c4.mp4,0520-199双科-自产-自产主-李博-视觉锤-小敏-A1-B6-无-21,-,,曲敏,199元高中双科提分课,199元高中双科提分课,自投放,自有,自产原创,wangjiananbj03,2026/6/6,44,39.76,0,0,0,135.24,39760,0,1.36%,0%,-,0,0
,是,是,3c96933440d2bd20bdf7f2ecf4584372,-,-,-,-,-,https://tutor-online1.fbcontent.cn/growth/internal-material/1779701769484.3c96933440d2bd20bdf7f2ecf4584372.mov,0525-9物-自产-李博-有-混剪-14,-,,龚瑞晨,9元高中物理李博,9元高中物理李博,申坤,自有,自产原创,wangruixuebj01,2026/6/12,38,111.15,9,1,0.08,89.21,6175,111.15,1.69%,4.76%,-,0.8,500
浩正,是,否,9a7c32b2ed684da8a233eaa89db19ae5,-,-,-,-,-,https://tutor-online1.fbcontent.cn/growth/internal-material/1780061372514.9a7c32b2ed684da8a233eaa89db19ae5.mp4,0514-199双科-自产-自产主-王晶-曲中雨-浩正-A2-B2-无-10,-,,韩晨国,199元高中双科提分课,199元高中双科提分课,自投放,自有,自产原创,wangjiananbj03,2026/6/10,40,22.64,0,0,0,60.86,3773.33,0,1.88%,0%,-,0,0
子矜,是,否,a2f68639fb08d27ff099dc4e7f5fc89f,-,-,-,-,-,https://tutor-online1.fbcontent.cn/growth/internal-material/1782382497577.a2f68639fb08d27ff099dc4e7f5fc89f.mp4,0617-199双科-自产-自产主-李博-视觉锤-子衿-A6-B1-有-1,-,,贾子矜,199元高中双科提分课,199元高中双科提分课,自投放,自有,自产原创,wangjiananbj03,2026/7/6,14,287.4,0,0,0,253.44,23950,0,1.76%,0%,-,0,0
雅迪,是,否,6513e42aa0ea5c7fc222b878e07213f0,-,-,-,-,-,https://tutor-online1.fbcontent.cn/growth/internal-material/1781582189113.6513e42aa0ea5c7fc222b878e07213f0.mp4,0610-9物-自产-自产二-李博-视觉锤-雅迪-A5-B2-无-17,-,,王雅迪,9元高中物理李博,9元高中物理李博,申坤,自有,自产原创,wangruixuebj01,2026/6/17,33,2.94,0,0,0,39.73,2940,0,1.35%,0%,-,0,0
子矜,是,否,92d7e62a351adc1c9ef91d6d1e32f1d5,-,-,-,-,-,https://tutor-online1.fbcontent.cn/growth/internal-material/1784014398492.92d7e62a351adc1c9ef91d6d1e32f1d5.mp4,0708-199双科-自产-自产主-李博-曲中雨-子衿-A5-B4-无-4,-,,贾子矜,199元高中双科提分课,199元高中双科提分课,自投放,自有,自产原创,wangjiananbj03,2026/7/16,4,0.07,0,0,0,17.5,0,0,0.00%,0.00%,-,0,0
小敏,是,否,520091a00cf6570d00e3ea45a0aeb4ba,-,-,-,-,-,https://tutor-online1.fbcontent.cn/growth/internal-material/1780060825941.520091a00cf6570d00e3ea45a0aeb4ba.mp4,0512-199双科-自产-自产主-王晶-云梵-小敏--B1-无-23,-,,韩晨国,199元高中双科提分课,199元高中双科提分课,自投放,自有,自产原创,wangjiananbj03,2026/6/10,40,4.57,0,0,0,15.49,0,0,0.34%,0%,-,0,0
雅迪,是,否,a4612b72c6793f24248f4bbde512bf46,-,-,-,-,-,https://tutor-online1.fbcontent.cn/growth/internal-material/1781681454091.a4612b72c6793f24248f4bbde512bf46.mp4,0610-9物-自产-自产主-李博-视觉锤-雅迪-A5-B2-有-16,-,,王雅迪,9元高中物理李博,9元高中物理李博,申坤,自有,自产原创,wangruixuebj01,2026/6/25,25,49.83,0,0,0,56.82,24915,0,2.28%,0%,-,0,0
子矜,是,否,f2e5a540eeeeac11b49f25a8f121caf3,-,-,-,-,-,https://tutor-online1.fbcontent.cn/growth/internal-material/1783066981367.f2e5a540eeeeac11b49f25a8f121caf3.mp4,0624-199双科-自产-自产二-李博-曲中雨-子衿---无-4,-,,贾子矜,199元高中双科提分课,199元高中双科提分课,自投放,自有,自产原创,wangjiananbj03,2026/7/9,11,66.21,0,0,0,85.43,33105,0,0.39%,0%,-,0,0
子矜,是,否,6b6d6e2553e55ceafa2e3fcca1727ea9,-,-,-,-,-,https://tutor-online1.fbcontent.cn/growth/internal-material/1782490062783.6b6d6e2553e55ceafa2e3fcca1727ea9.mp4,0617-9物-自产-自产二-李博-简末-子衿-A5-B1-无-9,-,,贾子矜,9元高中物理李博,9元高中物理李博,申坤,自有,自产原创,wangruixuebj01,2026/6/27,23,32.37,9,1,0.28,124.5,5395,32.37,2.31%,16.67%,-,3.85,1500
浩正,是,否,51f30d05058a1950dd9c832d00e9d5bb,-,-,-,-,-,https://tutor-online1.fbcontent.cn/growth/internal-material/1781580808127.51f30d05058a1950dd9c832d00e9d5bb.mp4,0610-9物-自产-自产主-李博-曲中雨-浩正-A5-B1-有-15,-,,杜浩正,9元高中物理李博,9元高中物理李博,申坤,自有,自产原创,wangruixuebj01,2026/6/17,33,24366.71,855,95,0.04,150.33,8330.5,256.49,1.89%,3.10%,-,0.59,292.31
浩正,是,否,94a9716c21d134442dc7400029c76b5c,-,-,-,-,-,https://tutor-online1.fbcontent.cn/growth/internal-material/1780656482857.94a9716c21d134442dc7400029c76b5c.mp4,0603-9物-自产-自产主-李博-视觉锤-浩正-A5-B1-有-15,-,,杜浩正,9元高中物理李博,9元高中物理李博,申坤,自有,自产原创,wangruixuebj01,2026/6/9,41,7952.46,270,30,0.03,91.86,5522.54,265.08,1.73%,2.01%,-,0.35,187.5
子矜,是,否,3100f19bc8d750c9d8a26dd2af8a19a8,-,-,-,-,-,https://tutor-online1.fbcontent.cn/growth/internal-material/1782484027991.3100f19bc8d750c9d8a26dd2af8a19a8.mp4,0602-199双科-自产-自产主-王晶-巽阳-子衿-A6-B2-有-1-RS,-,,韩晨国,199元高中双科提分课,199元高中双科提分课,自投放,自有,自产原创,wangjiananbj03,2026/7/10,10,2.84,0,0,0,157.78,0,0,0.00%,0.00%,-,0,0
小敏,是,否,ed7e557394ccf6acfd9b6679ca268c1f,-,-,-,-,-,https://tutor-online1.fbcontent.cn/growth/internal-material/1782289746395.ed7e557394ccf6acfd9b6679ca268c1f.mp4,0616-199双科-自产-自产主-王晶-曲中雨-小敏-A2-B4-有-3,-,,曲敏,199元高中双科提分课,199元高中双科提分课,自投放,自有,自产原创,wangjiananbj03,2026/6/25,25,58.15,0,0,0,205.48,29075,0,0.71%,0%,-,0,0
浩正,是,否,a452d5447e19882487294d6ba035c8a0,-,-,-,-,-,https://tutor-online1.fbcontent.cn/growth/internal-material/1781580853379.a452d5447e19882487294d6ba035c8a0.mp4,0610-9物-自产-自产主-李博-曲中雨-浩正-A5-B1-有-11,-,,杜浩正,9元高中物理李博,9元高中物理李博,申坤,自有,自产原创,wangruixuebj01,2026/6/17,33,162.91,27,3,0.17,125.99,6516.4,54.3,1.93%,12.00%,-,2.32,1080
子矜,是,否,2241dc5d5fcde33fa732e179c35cfe1f,-,-,-,-,-,https://tutor-online1.fbcontent.cn/growth/internal-material/1783417081537.2241dc5d5fcde33fa732e179c35cfe1f.mp4,0701-9物-自产-自产二-李博-曲中雨-子衿-A7-B2-有-5,-,,贾子矜,9元高中物理李博,9元高中物理李博,申坤,自有,自产原创,wangruixuebj01,2026/7/11,9,215.62,18,2,0.08,138.04,6160.57,107.81,2.37%,5.41%,-,1.28,514.29
子矜,是,否,01a435819c48499543ac58eb5fa4c78d,-,-,-,-,-,https://tutor-online1.fbcontent.cn/growth/internal-material/1779706245887.01a435819c48499543ac58eb5fa4c78d.mp4,0520-199双科-自产-自产二-李博-曲中雨-子衿-A6-B1-有-3,-,,贾子矜,199元高中双科提分课,199元高中双科提分课,自投放,自有,自产原创,wangjiananbj03,2026/6/29,21,1705.86,199,1,0.12,66,24369.43,1705.86,0.51%,0.76%,-,0.04,2842.86
子矜,是,否,2d939fa207929e8b97c39028efd46720,-,-,-,-,-,https://tutor-online1.fbcontent.cn/growth/internal-material/1782383181443.2d939fa207929e8b97c39028efd46720.mp4,0617-199双科-自产-自产二-李博-视觉锤-子衿-A6-B3-无-10,-,,贾子矜,199元高中双科提分课,199元高中双科提分课,自投放,自有,自产原创,wangjiananbj03,2026/7/17,3,0,0,0,0,0,0,0,0.00%,0.00%,-,0,0
浩正,是,否,35ae904da8b35c610c854eb3ce7a0a1d,-,-,-,-,-,https://tutor-online1.fbcontent.cn/growth/internal-material/1782471929689.35ae904da8b35c610c854eb3ce7a0a1d.mp4,0618-9物-自产-自产二--曲中雨-浩正-书展--无-28,-,,杜浩正,9元高中物理李博,9元高中物理李博,申坤,自有,自产原创,wangruixuebj01,2026/7/1,19,0.02,0,0,0,1.67,0,0,0.00%,0.00%,-,0,0
子矜,是,否,38921a927c1b824a74bb685391367c5a,-,-,-,-,-,https://tutor-online1.fbcontent.cn/growth/internal-material/1781082100493.38921a927c1b824a74bb685391367c5a.mp4,0603-9物-自产-自产二-李博-巽阳-子衿-A6-B1-有-10-WQ-直播间,-,,贾子矜,9元高中物理李博,9元高中物理李博,申坤,自有,自产原创,wangruixuebj01,2026/6/17,33,68.55,9,1,0.13,137.65,22850,68.55,0.80%,25.00%,-,2.01,3000
子矜,是,否,6b080feea2d8cd051b926f4a59876c65,-,-,-,-,-,https://tutor-online1.fbcontent.cn/growth/internal-material/1783417001551.6b080feea2d8cd051b926f4a59876c65.mp4,0701-9物-自产-自产二-李博-曲中雨-子衿-A5-B2-有-1,-,,贾子矜,9元高中物理李博,9元高中物理李博,申坤,自有,自产原创,wangruixuebj01,2026/7/15,5,0.1,0,0,0,20,0,0,20.00%,0%,-,0,0
子矜,是,否,b078b07ebbd3128d2c4b9f6db78b35f9,-,-,-,-,-,https://tutor-online1.fbcontent.cn/growth/internal-material/1783417675971.b078b07ebbd3128d2c4b9f6db78b35f9.mp4,0701-199双科-自产-自产主-李博-视觉锤-子衿-A3-B2-有-2,-,,贾子矜,199元高中双科提分课,199元高中双科提分课,自投放,自有,自产原创,wangjiananbj03,2026/7/11,9,0.33,0,0,0,9.71,0,0,0.00%,0.00%,-,0,0
浩正,是,否,f7193c1fa737e80a2153121d2e31c643,-,-,-,-,-,https://tutor-online1.fbcontent.cn/growth/internal-material/1782471930542.f7193c1fa737e80a2153121d2e31c643.mp4,0618-9物-自产-自产二--曲中雨-浩正-书展--有-28,-,,杜浩正,9元高中物理李博,9元高中物理李博,申坤,自有,自产原创,wangruixuebj01,2026/7/1,19,41.85,0,0,0,63.31,3804.55,0,1.82%,0%,-,0,0
子矜,是,否,07daa9e9d01a91d84e24ffcef9b70e34,-,-,-,-,-,https://tutor-online1.fbcontent.cn/growth/internal-material/1782490060837.07daa9e9d01a91d84e24ffcef9b70e34.mp4,0617-9物-自产-自产二-李博-简末-子衿-A6-B2-无-10,-,,贾子矜,9元高中物理李博,9元高中物理李博,申坤,自有,自产原创,wangruixuebj01,2026/6/27,23,29.57,0,0,0,105.23,0,0,1.42%,0%,-,0,0
嘉丽,是,否,bf8b5bdd3f0b61df80f93cd4bc40079c,-,-,-,-,-,https://tutor-online1.fbcontent.cn/growth/internal-material/1783678654347.bf8b5bdd3f0b61df80f93cd4bc40079c.mp4,0701-199双科-自产-自产二-李博-视觉锤-嘉丽-A6-B1-无-6,-,,魏嘉丽,199元高中双科提分课,199元高中双科提分课,自投放,自有,自产原创,wangjiananbj03,2026/7/18,2,0,0,0,0,0,0,0,0.00%,0.00%,-,0,0
浩正,是,否,60176a9f46909fa19780673a278a3929,-,-,-,-,-,https://tutor-online1.fbcontent.cn/growth/internal-material/1780397859519.60176a9f46909fa19780673a278a3929.mp4,0527-9物-自产-自产主-李博-曲中雨-浩正-A5-B1-有-14-直播间,-,,杜浩正,9元高中物理李博,9元高中物理李博,申坤,自有,自产原创,wangruixuebj01,2026/6/27,23,211.22,9,1,0.04,176.02,6212.35,211.22,3.50%,2.38%,-,0.83,264.71
子矜,是,否,7473eb63969379d40ad23b8fb44db212,-,-,-,-,-,https://tutor-online1.fbcontent.cn/growth/internal-material/1783417284891.7473eb63969379d40ad23b8fb44db212.mp4,0701-9物-自产-自产主-李博-曲中雨-子衿-A7-B2-无-3,-,,贾子矜,9元高中物理李博,9元高中物理李博,申坤,自有,自产原创,wangruixuebj01,2026/7/11,9,12.07,0,0,0,46.96,3017.5,0,1.56%,0%,-,0,0
子矜,是,是,32db373025a654469da6c82939078042,-,-,-,-,-,https://tutor-online1.fbcontent.cn/growth/internal-material/1782812328050.32db373025a654469da6c82939078042.mov,0630-9物-自产-自产主-李博-曲中雨-子衿-A7-B2-有-6-瑞晨混剪-11,-,,龚瑞晨,9元高中物理李博,9元高中物理李博,申坤,自有,自产混剪,wangruixuebj01,2026/7/1,19,23.11,0,0,0,181.97,3301.43,0,5.51%,0%,-,0,0
小敏,是,否,5f12d8409ce52e72a2aa767034517ac6,-,-,-,-,-,https://tutor-online1.fbcontent.cn/growth/internal-material/1782289747161.5f12d8409ce52e72a2aa767034517ac6.mp4,0616-199双科-自产-自产主-王晶-曲中雨-小敏-A2-B4-无-1,-,,曲敏,199元高中双科提分课,199元高中双科提分课,自投放,自有,自产原创,wangjiananbj03,2026/6/25,25,106.79,0,0,0,53.74,106790,0,0.05%,0%,-,0,0
嘉丽,是,是,5fe54cee9fe29f281766452cd3710967,-,-,-,-,-,https://tutor-online1.fbcontent.cn/growth/internal-material/1781769256663.5fe54cee9fe29f281766452cd3710967.mp4,0618-9物-自产-李博-有-混剪-14-嘉丽混剪-5,-,,魏嘉丽,9元高中物理李博,9元高中物理李博,申坤,自有,自产原创,wangruixuebj01,2026/6/18,32,0.27,0,0,0,27,0,0,0.00%,0.00%,-,0,0
子矜,是,否,c508729b70973f51c13a307e59eb3182,-,-,-,-,-,https://tutor-online1.fbcontent.cn/growth/internal-material/1783416917295.c508729b70973f51c13a307e59eb3182.mov,0701-9物-自产-自产主-李博-曲中雨-子衿-A5-B1-有2-6,-,,贾子矜,9元高中物理李博,9元高中物理李博,申坤,自有,自产原创,wangruixuebj01,2026/7/16,4,51.74,0,0,0,81.1,3233.75,0,2.35%,0%,-,0,0
子矜,是,否,76c95be7a242ca30265331378fff5c0c,-,-,-,-,-,https://tutor-online1.fbcontent.cn/growth/internal-material/1782382358055.76c95be7a242ca30265331378fff5c0c.mp4,0617-199双科-自产-自产主-李博-视觉锤-子衿-A2-B4-无-4,-,,贾子矜,199元高中双科提分课,199元高中双科提分课,自投放,自有,自产原创,wangjiananbj03,2026/7/6,14,35.51,0,0,0,167.5,0,0,0.00%,0.00%,-,0,0
子矜,是,否,0629066c4851ab1e9061310d07ad5600,-,-,-,-,-,https://tutor-online1.fbcontent.cn/growth/internal-material/1772517101338.0629066c4851ab1e9061310d07ad5600.mp4,0211-9物-自产-自产主-李博-亿晨-子衿-A7-B1-无-4,-,,贾子矜,9元高中物理李博,9元高中物理李博-实物,玄武,自有,自产原创,wangruixuebj01,2026/3/25,117,0.2,0,0,0,4.65,0,0,0.00%,0.00%,-,0,0
子矜,是,否,a6cabfad2809c3f4213a8121a7dc70e1,-,-,-,-,-,https://tutor-online1.fbcontent.cn/growth/internal-material/1782490319250.a6cabfad2809c3f4213a8121a7dc70e1.mp4,0617-9物-自产-自产二-李博-简末-子衿-A5-B2-有-2,-,,贾子矜,9元高中物理李博,9元高中物理李博,申坤,自有,自产原创,wangruixuebj01,2026/6/27,23,72.41,9,1,0.12,63.63,4022.78,72.41,1.76%,5.00%,-,0.88,500
,是,否,4a46f59040b2a8b6a2afaa4eb846b1ad,-,-,-,-,-,https://tutor-online1.fbcontent.cn/growth/internal-material/1776753137494.4a46f59040b2a8b6a2afaa4eb846b1ad.mp4,0401-9物-自产-自产主-李博-曲中雨-忍哥-A5-B1-有-28,-,,韩晨国,9元高中物理李博,9元高中物理李博,申坤,自有,自产原创,wangruixuebj01,2026/6/11,39,37.01,0,0,0,184.13,18505,0,1.49%,0%,-,0,0
浩正,是,否,6941d6176a82a4e170c4ce0e74763d56,-,-,-,-,-,https://tutor-online1.fbcontent.cn/growth/internal-material/1783330015172.6941d6176a82a4e170c4ce0e74763d56.mp4,0618-9物-自产-自产二--曲中雨-浩正-书展--无-27,-,,韩晨国,9元高中物理李博,9元高中物理李博,申坤,自有,自产原创,wangruixuebj01,2026/7/9,11,1.37,0,0,0,37.03,685,0,5.41%,0%,-,0,0
嘉丽,是,否,de48524bcd61ba0b84357816e89caa5e,-,-,-,-,-,https://tutor-online1.fbcontent.cn/growth/internal-material/1782384911683.de48524bcd61ba0b84357816e89caa5e.mp4,0616-199双科-自产-自产二-王晶-曲中雨-嘉丽---有-15,-,,魏嘉丽,199元高中双科提分课,199元高中双科提分课,自投放,自有,自产原创,wangjiananbj03,2026/7/6,14,4.02,0,0,0,82.04,0,0,0.00%,0.00%,-,0,0
子矜,是,否,3b653d0c6bcdc07f4062d8bf3f2238e0,-,-,-,-,-,https://tutor-online1.fbcontent.cn/growth/internal-material/1783417676393.3b653d0c6bcdc07f4062d8bf3f2238e0.mp4,0701-199双科-自产-自产主-李博-视觉锤-子衿-A5-B2-无-4,-,,贾子矜,199元高中双科提分课,199元高中双科提分课,自投放,自有,自产原创,wangjiananbj03,2026/7/10,10,0.39,0,0,0,55.71,0,0,0.00%,0.00%,-,0,0
子矜,是,否,23fde7a7b23754d32dd4b44894e7662a,-,-,-,-,-,https://tutor-online1.fbcontent.cn/growth/internal-material/1783417279648.23fde7a7b23754d32dd4b44894e7662a.mp4,0701-9物-自产-自产主-李博-曲中雨-子衿-A6-B5-无-8,-,,贾子矜,9元高中物理李博,9元高中物理李博,申坤,自有,自产原创,wangruixuebj01,2026/7/10,10,5.72,0,0,0,65.75,1906.67,0,2.30%,0%,-,0,0
子矜,是,否,c0e8888e0eb963fc3c4757eb494a7dc6,-,-,-,-,-,https://tutor-online1.fbcontent.cn/growth/internal-material/1783066983201.c0e8888e0eb963fc3c4757eb494a7dc6.mp4,0624-199双科-自产-自产二-李博-曲中雨-子衿---有-3,-,,贾子矜,199元高中双科提分课,199元高中双科提分课,自投放,自有,自产原创,wangjiananbj03,2026/7/9,11,0.9,0,0,0,180,0,0,0.00%,0.00%,-,0,0
浩正,是,否,7d6a75fe60f9eea5bf187cc93a085d45,-,-,-,-,-,https://tutor-online1.fbcontent.cn/growth/internal-material/1781580787170.7d6a75fe60f9eea5bf187cc93a085d45.mp4,0610-9物-自产-自产二-李博-曲中雨-浩正-A5-B1-有-12,-,,杜浩正,9元高中物理李博,9元高中物理李博,申坤,自有,自产原创,wangruixuebj01,2026/6/17,33,4,0,0,0,22.73,2000,0,1.70%,0%,-,0,0
子矜,是,否,476d39fb6930e21901d4f6a91edf3b0d,-,-,-,-,-,https://tutor-online1.fbcontent.cn/growth/internal-material/1783417311599.476d39fb6930e21901d4f6a91edf3b0d.mp4,0701-9物-自产-自产主-李博-曲中雨-子衿-A7-B2-有-5,-,,贾子矜,9元高中物理李博,9元高中物理李博,申坤,自有,自产原创,wangruixuebj01,2026/7/10,10,496.67,18,2,0.04,136.56,6803.7,248.34,1.90%,2.90%,-,0.55,246.58
浩正,是,否,38cc4614e55ce5977f868d25a16c7bb9,-,-,-,-,-,https://tutor-online1.fbcontent.cn/growth/internal-material/1781580825043.38cc4614e55ce5977f868d25a16c7bb9.mp4,0610-9物-自产-自产主-李博-曲中雨-浩正-A5-B1-无-13,-,,杜浩正,9元高中物理李博,9元高中物理李博,申坤,自有,自产原创,wangruixuebj01,2026/6/17,33,0.16,0,0,0,26.67,0,0,16.67%,0%,-,0,0
嘉丽,是,否,3c7939338f0cbc670c8e5ef30d2acea5,-,-,-,-,-,https://tutor-online1.fbcontent.cn/growth/internal-material/1783678654322.3c7939338f0cbc670c8e5ef30d2acea5.mp4,0701-199双科-自产-自产二-李博-视觉锤-嘉丽-A6-B1-有-6,-,,魏嘉丽,199元高中双科提分课,199元高中双科提分课,自投放,自有,自产原创,wangjiananbj03,2026/7/16,4,23.63,0,0,0,148.62,7876.67,0,1.89%,0%,-,0,0
子矜,是,否,990f007b85a6d527c2c61e5aab7d8b27,-,-,-,-,-,https://tutor-online1.fbcontent.cn/growth/internal-material/1782895270721.990f007b85a6d527c2c61e5aab7d8b27.mp4,0624-9物-自产-自产主-李博-曲中雨-子衿---无-8,-,,贾子矜,9元高中物理李博,9元高中物理李博,申坤,自有,自产原创,wangruixuebj01,2026/7/4,16,43.62,9,1,0.21,52.87,3635,43.62,1.45%,8.33%,-,1.21,750
子矜,是,否,44383a2b891a2da947132313472ecb9e,-,-,-,-,-,https://tutor-online1.fbcontent.cn/growth/internal-material/1783417675953.44383a2b891a2da947132313472ecb9e.mp4,0701-199双科-自产-自产主-李博-视觉锤-子衿-A3-B2-无-2,-,,贾子矜,199元高中双科提分课,199元高中双科提分课,自投放,自有,自产原创,wangjiananbj03,2026/7/9,11,0.19,0,0,0,38,0,0,0.00%,0.00%,-,0,0
嘉丽,是,否,a6c567134f8d9a9ea9903806148d1546,-,-,-,-,-,https://tutor-online1.fbcontent.cn/growth/internal-material/1782384911705.a6c567134f8d9a9ea9903806148d1546.mp4,0616-199双科-自产-自产二-王晶-曲中雨-嘉丽---有-11,-,,魏嘉丽,199元高中双科提分课,199元高中双科提分课,自投放,自有,自产原创,wangjiananbj03,2026/7/6,14,92.66,0,0,0,136.67,23165,0,1.33%,0%,-,0,0
婷玉,是,否,22d3eade151e9f4c72adbf7b0702c33d,-,-,-,-,-,https://tutor-online1.fbcontent.cn/growth/internal-material/1783316032141.22d3eade151e9f4c72adbf7b0702c33d.mp4,0624-199双科-自产-自产主-李博-曲中雨-婷玉-A6-B1-有-7,-,,吴婷玉,199元高中双科提分课,199元高中双科提分课,自投放,自有,自产原创,wangjiananbj03,2026/7/10,10,9.87,0,0,0,123.38,0,0,1.25%,0%,-,0,0
婷玉,是,否,b804c6679dfe2dd918df19dc61a34939,-,-,-,-,-,https://tutor-online1.fbcontent.cn/growth/internal-material/1783316030720.b804c6679dfe2dd918df19dc61a34939.mp4,0624-199双科-自产-自产主-李博-曲中雨-婷玉-A6-B1-无-7,-,,吴婷玉,199元高中双科提分课,199元高中双科提分课,自投放,自有,自产原创,wangjiananbj03,2026/7/11,9,10.58,0,0,0,80.76,3526.67,0,2.29%,0%,-,0,0
嘉丽,是,否,2520b508e17dae8b42abe4aab74fe550,-,-,-,-,-,https://tutor-online1.fbcontent.cn/growth/internal-material/1781082477008.2520b508e17dae8b42abe4aab74fe550.mp4,0527-199双科-自产-自产二-李博-视觉锤-嘉丽-A7-B1-有-12,-,,魏嘉丽,199元高中双科提分课,199元高中双科提分课,自投放,自有,自产原创,wangjiananbj03,2026/6/12,38,0.07,199,1,2842.86,70,0,0.07,0.00%,0.00%,-,1000,0
子矜,是,否,bcf5a31f5b5ab6a9bd5cb8b92c0b804a,-,-,-,-,-,https://tutor-online1.fbcontent.cn/growth/internal-material/1776753916233.bcf5a31f5b5ab6a9bd5cb8b92c0b804a.mp4,0211-9物-自产-自产二-李博-曲中雨-子衿-A6-B2B3B5-有-1,-,,韩晨国,9元高中物理李博,9元高中物理李博,申坤,自有,自产原创,wangruixuebj01,2026/6/17,33,5.34,0,0,0,31.41,1780,0,1.18%,0%,-,0,0
子矜,是,否,741b6d69ce42b775781a33ccc67a1db4,-,-,-,-,-,https://tutor-online1.fbcontent.cn/growth/internal-material/1782382496818.741b6d69ce42b775781a33ccc67a1db4.mp4,0617-199双科-自产-自产主-李博-视觉锤-子衿-A6-B1-无-1,-,,贾子矜,199元高中双科提分课,199元高中双科提分课,自投放,自有,自产原创,wangjiananbj03,2026/7/6,14,20.31,0,0,0,207.24,20310,0,1.02%,0%,-,0,0
婷玉,是,否,843986048b24b35b06dc3175b03b3af7,-,-,-,-,-,https://tutor-online1.fbcontent.cn/growth/internal-material/1783418809347.843986048b24b35b06dc3175b03b3af7.mp4,0701-199双科-自产-自产主-李博-视觉锤-婷玉-A7-B1-有-7,-,,吴婷玉,199元高中双科提分课,199元高中双科提分课,自投放,自有,自产原创,wangjiananbj03,2026/7/10,10,1.4,0,0,0,31.11,1400,0,2.22%,0%,-,0,0
子矜,是,否,64a8a93e23b90b4ba12f092ec778124d,-,-,-,-,-,https://tutor-online1.fbcontent.cn/growth/internal-material/1783417546648.64a8a93e23b90b4ba12f092ec778124d.mp4,0701-199双科-自产-自产二-李博-视觉锤-子衿-A3-B2-有-2,-,,贾子矜,199元高中双科提分课,199元高中双科提分课,自投放,自有,自产原创,wangjiananbj03,2026/7/9,11,71.89,0,0,0,101.11,0,0,0.42%,0%,-,0,0
子矜,是,否,6b68abbb68828d39751f20a142c9456c,-,-,-,-,-,https://tutor-online1.fbcontent.cn/growth/internal-material/1782490317859.6b68abbb68828d39751f20a142c9456c.mp4,0617-9物-自产-自产二-李博-简末-子衿-A5-B1-有-3,-,,贾子矜,9元高中物理李博,9元高中物理李博,申坤,自有,自产原创,wangruixuebj01,2026/7/1,19,0.02,0,0,0,3.33,0,0,0.00%,0.00%,-,0,0
子矜,是,否,614c1ebcb8d07f2b21cc820fc8d2665f,-,-,-,-,-,https://tutor-online1.fbcontent.cn/growth/internal-material/1782895303813.614c1ebcb8d07f2b21cc820fc8d2665f.mp4,0624-9物-自产-自产主-李博-曲中雨-子衿---有-2,-,,贾子矜,9元高中物理李博,9元高中物理李博,申坤,自有,自产原创,wangruixuebj01,2026/7/4,16,177.63,0,0,0,127.7,6578.89,0,1.80%,0%,-,0,0
嘉丽,是,否,d8730911230206cee576f822d2e4cda4,-,-,-,-,-,https://tutor-online1.fbcontent.cn/growth/internal-material/1783678654353.d8730911230206cee576f822d2e4cda4.mp4,0701-199双科-自产-自产主-李博-视觉锤-嘉丽-A6-B1-有-6,-,,魏嘉丽,199元高中双科提分课,199元高中双科提分课,自投放,自有,自产原创,wangjiananbj03,2026/7/16,4,1.12,0,0,0,25.45,0,0,0.00%,0.00%,-,0,0
嘉丽,是,否,927e9b2898c11d8f543306b6ceaa164a,-,-,-,-,-,https://tutor-online1.fbcontent.cn/growth/internal-material/1782483977364.927e9b2898c11d8f543306b6ceaa164a.mp4,0514-199双科-自产-自产主-王晶-云梵-嘉丽--B1B4-无-22,-,,韩晨国,199元高中双科提分课,199元高中双科提分课,自投放,自有,自产原创,wangjiananbj03,2026/7/14,6,3.62,0,0,0,61.36,0,0,0.00%,0.00%,-,0,0
婷玉,是,否,c76108ca9ecab31807854cdc785be040,-,-,-,-,-,https://tutor-online1.fbcontent.cn/growth/internal-material/1783418809365.c76108ca9ecab31807854cdc785be040.mp4,0701-199双科-自产-自产二-李博-视觉锤-婷玉-A7-B1-无-7,-,,吴婷玉,199元高中双科提分课,199元高中双科提分课,自投放,自有,自产原创,wangjiananbj03,2026/7/14,6,0.06,0,0,0,15,0,0,0.00%,0.00%,-,0,0
子矜,是,否,da2dc7d8b97b269df58701bd824748d6,-,-,-,-,-,https://tutor-online1.fbcontent.cn/growth/internal-material/1783066987808.da2dc7d8b97b269df58701bd824748d6.mp4,0624-199双科-自产-自产主-李博-曲中雨-子衿---无-2,-,,贾子矜,199元高中双科提分课,199元高中双科提分课,自投放,自有,自产原创,wangjiananbj03,2026/7/11,9,1.77,0,0,0,57.1,0,0,0.00%,0.00%,-,0,0
子矜,是,否,78632471b64a6996984ed3d0810a8c27,-,-,-,-,-,https://tutor-online1.fbcontent.cn/growth/internal-material/1783417677815.78632471b64a6996984ed3d0810a8c27.mp4,0701-199双科-自产-自产主-李博-视觉锤-子衿-A2-B1-有-3,-,,贾子矜,199元高中双科提分课,199元高中双科提分课,自投放,自有,自产原创,wangjiananbj03,2026/7/10,10,0.46,0,0,0,30.67,0,0,0.00%,0.00%,-,0,0
子矜,是,否,b8372ebf561664e471c8fc87cce1258d,-,-,-,-,-,https://tutor-online1.fbcontent.cn/growth/internal-material/1783417079525.b8372ebf561664e471c8fc87cce1258d.mp4,0701-9物-自产-自产二-李博-曲中雨-子衿-A7-B2-有-3,-,,贾子矜,9元高中物理李博,9元高中物理李博,申坤,自有,自产原创,wangruixuebj01,2026/7/11,9,37.92,0,0,0,77.23,4740,0,1.43%,0%,-,0,0
子矜,是,是,e63047553fdbeda285cf7c8ed3291bce,-,-,-,-,-,https://tutor-online1.fbcontent.cn/growth/internal-material/1779778840327.e63047553fdbeda285cf7c8ed3291bce.mp4,0526-9物-自产-自产主-李博-曲中雨-子衿-A5-B2-有-26-亿晨混剪6,-,,张亿晨,9元高中物理李博,9元高中物理李博,申坤,自有,自产混剪,wangruixuebj01,2026/6/12,38,0.33,0,0,0,15,0,0,0.00%,0.00%,-,0,0
浩正,是,否,e39f6f627924ba6519d5eb3f2213f71e,-,-,-,-,-,https://tutor-online1.fbcontent.cn/growth/internal-material/1782471930071.e39f6f627924ba6519d5eb3f2213f71e.mp4,0618-9物-自产-自产主--曲中雨-浩正-书展--有-27,-,,杜浩正,9元高中物理李博,9元高中物理李博,申坤,自有,自产原创,wangruixuebj01,2026/7/1,19,150.28,27,3,0.18,137.49,7514,50.09,1.92%,14.29%,-,2.74,1350
子矜,是,否,38d985da379633b1656e1ed3fc184be3,-,-,-,-,-,https://tutor-online1.fbcontent.cn/growth/internal-material/1783417677535.38d985da379633b1656e1ed3fc184be3.mp4,0701-199双科-自产-自产主-李博-视觉锤-子衿-A5-B2-有-4,-,,贾子矜,199元高中双科提分课,199元高中双科提分课,自投放,自有,自产原创,wangjiananbj03,2026/7/10,10,5.32,0,0,0,161.21,0,0,0.00%,0.00%,-,0,0
子矜,是,否,2badae616ee7cba477ade5543b32e3d7,-,-,-,-,-,https://tutor-online1.fbcontent.cn/growth/internal-material/1784014356101.2badae616ee7cba477ade5543b32e3d7.mp4,0708-199双科-自产-自产主-李博-曲中雨-子衿-A5-B2-无-1,-,,贾子矜,199元高中双科提分课,199元高中双科提分课,自投放,自有,自产原创,wangjiananbj03,2026/7/16,4,15.02,0,0,0,170.68,15020,0,1.14%,0%,-,0,0
嘉丽,是,否,783b0fe95f4a021ab6130259589f61ba,-,-,-,-,-,https://tutor-online1.fbcontent.cn/growth/internal-material/1782384911735.783b0fe95f4a021ab6130259589f61ba.mp4,0616-199双科-自产-自产二-王晶-曲中雨-嘉丽---有-12,-,,魏嘉丽,199元高中双科提分课,199元高中双科提分课,自投放,自有,自产原创,wangjiananbj03,2026/7/6,14,10.76,0,0,0,153.71,0,0,0.00%,0.00%,-,0,0
子矜,是,否,a4dfea6a781b90c9e180d274064ae70f,-,-,-,-,-,https://tutor-online1.fbcontent.cn/growth/internal-material/1783417000680.a4dfea6a781b90c9e180d274064ae70f.mp4,0701-9物-自产-自产二-李博-曲中雨-子衿-A5-B1-有-6,-,,贾子矜,9元高中物理李博,9元高中物理李博,申坤,自有,自产原创,wangruixuebj01,2026/7/15,5,0.01,0,0,0,3.33,0,0,0.00%,0.00%,-,0,0
子矜,是,是,b69d14cededd3d5619406b130e71ea1b,-,-,-,-,-,https://tutor-online1.fbcontent.cn/growth/internal-material/1782812362767.b69d14cededd3d5619406b130e71ea1b.mov,0630-自产主-李博-8-3--有-9物-子矜- IP-曲中雨-瑞晨混-1,-,,龚瑞晨,9元高中物理李博,9元高中物理李博,申坤,自有,自产混剪,wangruixuebj01,2026/7/2,18,162.45,0,0,0,121.87,6498,0,2.03%,0%,-,0,0
浩正,是,否,716def14484967cd38cdc5cff41034ea,-,-,-,-,-,https://tutor-online1.fbcontent.cn/growth/internal-material/1783329906456.716def14484967cd38cdc5cff41034ea.mp4,0618-9物-自产-自产二--曲中雨-浩正-书展---无-26,-,,韩晨国,9元高中物理李博,9元高中物理李博,申坤,自有,自产原创,wangruixuebj01,2026/7/10,10,3.86,0,0,0,40.21,0,0,0.00%,0.00%,-,0,0
子矜,是,否,5acc1f3715000b83ebda7850ab071ea5,-,-,-,-,-,https://tutor-online1.fbcontent.cn/growth/internal-material/1783066982801.5acc1f3715000b83ebda7850ab071ea5.mp4,0624-199双科-自产-自产二-李博-曲中雨-子衿---有-2,-,,贾子矜,199元高中双科提分课,199元高中双科提分课,自投放,自有,自产原创,wangjiananbj03,2026/7/11,9,0.73,0,0,0,48.67,0,0,0.00%,0.00%,-,0,0
雅迪,是,否,c13e553a4e07d76196f7a62718f3b0d7,-,-,-,-,-,https://tutor-online1.fbcontent.cn/growth/internal-material/1783329943648.c13e553a4e07d76196f7a62718f3b0d7.mp4,0618-9物-自产-自产二--曲中雨-雅迪-书展---30,-,,韩晨国,9元高中物理李博,9元高中物理李博,申坤,自有,自产原创,wangruixuebj01,2026/7/10,10,4.77,0,0,0,46.31,4770,0,0.97%,0%,-,0,0
子矜,是,否,8bdeaee53469b100ca8fbf157acb85f6,-,-,-,-,-,https://tutor-online1.fbcontent.cn/growth/internal-material/1783066982131.8bdeaee53469b100ca8fbf157acb85f6.mp4,0624-199双科-自产-自产二-李博-曲中雨-子衿---有-1,-,,贾子矜,199元高中双科提分课,199元高中双科提分课,自投放,自有,自产原创,wangjiananbj03,2026/7/13,7,0.04,0,0,0,8,0,0,0.00%,0.00%,-,0,0
小敏,是,否,0ad5dc2ea53cbc4eb99fab7bb7a4daaf,-,-,-,-,-,https://tutor-online1.fbcontent.cn/growth/internal-material/1782095475215.0ad5dc2ea53cbc4eb99fab7bb7a4daaf.mp4,0611-199双科-自产-自产主-王晶-视觉锤-小敏-A5-B2-无-14,-,,曲敏,199元高中双科提分课,199元高中双科提分课,自投放,自有,自产原创,wangjiananbj03,2026/6/23,27,0,199,1,0,0,0,0,0.00%,0.00%,-,0,0
子矜,是,否,ac6b945414eb899ece6ca8f2bd57bddf,-,-,-,-,-,https://tutor-online1.fbcontent.cn/growth/internal-material/1779706278704.ac6b945414eb899ece6ca8f2bd57bddf.mp4,0520-199双科-自产-自产主-李博-曲中雨-子衿-A6-B1-无-3,-,,贾子矜,199元高中双科提分课,199元高中双科提分课,自投放,自有,自产原创,wangjiananbj03,2026/6/2,48,55.13,0,0,0,130.02,55130,0,0.47%,0%,-,0,0
子矜,是,否,c1cd5fb7814f25b1cce9b2d6e3a038f5,-,-,-,-,-,https://tutor-online1.fbcontent.cn/growth/internal-material/1775548229416.c1cd5fb7814f25b1cce9b2d6e3a038f5.mp4,0401-9物-自产-自产二-李博-曲中雨-子衿-A3-B1-有-23-前贴2,-,,贾子矜,9元高中物理李博,9元高中物理李博,玄武,自有,自产原创,wangruixuebj01,2026/5/8,73,1141.06,90,10,0.08,156.25,9352.95,114.11,1.89%,7.25%,-,1.37,737.7
子矜,是,否,374bfbfa0c3f594ada6ec7078cbd8c46,-,-,-,-,-,https://tutor-online1.fbcontent.cn/growth/internal-material/1782490057518.374bfbfa0c3f594ada6ec7078cbd8c46.mp4,0617-9物-自产-自产二-李博-简末-子衿-A5-B1-无-3,-,,贾子矜,9元高中物理李博,9元高中物理李博,申坤,自有,自产原创,wangruixuebj01,2026/6/27,23,37.86,0,0,0,124.95,5408.57,0,2.97%,0%,-,0,0
子矜,是,是,da1e779e77278929e4e3306e2206d16a,-,-,-,-,-,https://tutor-online1.fbcontent.cn/growth/internal-material/1782814055211.da1e779e77278929e4e3306e2206d16a.mov,0630-9物-自产-自产主-李博-亿晨-子衿-A7-B1-无-4-魏怡混剪-2,-,,魏怡,9元高中物理李博,9元高中物理李博,申坤,自有,自产混剪,wangruixuebj01,2026/7/3,17,365.7,0,0,0,149.45,7314,0,2.04%,0%,-,0,0
子矜,是,是,7b5204d46b7099d07c1937ee57987ef9,-,-,-,-,-,https://tutor-online1.fbcontent.cn/growth/internal-material/1782812328943.7b5204d46b7099d07c1937ee57987ef9.mov,0630-9物-自产-自产主-李博-曲中雨-子衿-A2-B1-无-28-瑞晨混剪-3,-,,龚瑞晨,9元高中物理李博,9元高中物理李博,申坤,自有,自产混剪,wangruixuebj01,2026/7/4,16,271.05,0,0,0,118.88,10038.89,0,1.32%,0%,-,0,0
子矜,是,否,688c90f2af252bcae7255f8776decc88,-,-,-,-,-,https://tutor-online1.fbcontent.cn/growth/internal-material/1783416917856.688c90f2af252bcae7255f8776decc88.mov,0701-9物-自产-自产二-李博-曲中雨-子衿-A6-B5-有2-8,-,,贾子矜,9元高中物理李博,9元高中物理李博,申坤,自有,自产原创,wangruixuebj01,2026/7/16,4,0.35,0,0,0,19.44,350,0,5.56%,0%,-,0,0
子矜,是,否,96d83e8403760c52446c5a7bd30c0741,-,-,-,-,-,https://tutor-online1.fbcontent.cn/growth/internal-material/1781769949498.96d83e8403760c52446c5a7bd30c0741.mp4,0527-9物-自产-自产二-李博-曲中雨-子衿-A6-B1-无-5-直播间,-,,韩晨国,9元高中物理李博,9元高中物理李博,申坤,自有,自产原创,wangruixuebj01,2026/6/20,30,9.6,0,0,0,64,4800,0,1.33%,0%,-,0,0
子矜,是,否,0f1d49c011fcfacb204209094b9c5220,-,-,-,-,-,https://tutor-online1.fbcontent.cn/growth/internal-material/1783416999179.0f1d49c011fcfacb204209094b9c5220.mp4,0701-9物-自产-自产二-李博-曲中雨-子衿-A5-B1-无-6,-,,贾子矜,9元高中物理李博,9元高中物理李博,申坤,自有,自产原创,wangruixuebj01,2026/7/16,4,49.06,0,0,0,110.74,3773.85,0,2.71%,0%,-,0,0
子矜,是,否,b60230896a46f6f9a944b0484da427c9,-,-,-,-,-,https://tutor-online1.fbcontent.cn/growth/internal-material/1781770559117.b60230896a46f6f9a944b0484da427c9.mp4,0602-199双科-自产-自产主-王晶-巽阳-子衿-A3-B2-有-3-RS,-,,韩晨国,199元高中双科提分课,199元高中双科提分课,自投放,自有,自产原创,wangjiananbj03,2026/6/23,27,46,0,0,0,153.85,23000,0,1.00%,0%,-,0,0
子矜,是,否,709e983b01faeb406bd959d424fce9e6,-,-,-,-,-,https://tutor-online1.fbcontent.cn/growth/internal-material/1782895270049.709e983b01faeb406bd959d424fce9e6.mp4,0624-9物-自产-自产主-李博-曲中雨-子衿---无-3,-,,贾子矜,9元高中物理李博,9元高中物理李博,申坤,自有,自产原创,wangruixuebj01,2026/7/7,13,1.11,0,0,0,18.81,0,0,0.00%,0.00%,-,0,0
子矜,是,否,03e03a75fef994589671d8ce0474d994,-,-,-,-,-,https://tutor-online1.fbcontent.cn/growth/internal-material/1779706310141.03e03a75fef994589671d8ce0474d994.mp4,0520-199双科-自产-自产主-李博-曲中雨-子衿-A6-B2-有-1,-,,贾子矜,199元高中双科提分课,199元高中双科提分课,自投放,自有,自产原创,wangjiananbj03,2026/6/6,44,0,199,1,0,0,0,0,0.00%,0.00%,-,0,0
子矜,是,否,a2b485aec31b84ca502988a15aba87f4,-,-,-,-,-,https://tutor-online1.fbcontent.cn/growth/internal-material/1783330054314.a2b485aec31b84ca502988a15aba87f4.mp4,0610-9物-自产-自产主-李博-曲中雨-子衿-A7-B1-无-5,-,,韩晨国,9元高中物理李博,9元高中物理李博,申坤,自有,自产原创,wangruixuebj01,2026/7/9,11,4.95,0,0,0,75,2475,0,3.03%,0%,-,0,0
小敏,是,否,28d6dbfc71acb8777b44183c711e97ec,-,-,-,-,-,https://tutor-online1.fbcontent.cn/growth/internal-material/1783328388070.28d6dbfc71acb8777b44183c711e97ec.mp4,0624-199双科-自产-自产主-李博-曲中雨-小敏-A6-B1-有-10,-,,曲敏,199元高中双科提分课,199元高中双科提分课,自投放,自有,自产原创,wangjiananbj03,2026/7/11,9,0.04,0,0,0,5,0,0,0.00%,0.00%,-,0,0
婷玉,是,否,9e24858f2009252a45e5f46c16cfc155,-,-,-,-,-,https://tutor-online1.fbcontent.cn/growth/internal-material/1782484358477.9e24858f2009252a45e5f46c16cfc155.mp4,0611-199双科-自产-自产二-王晶-曲中雨-婷玉-A2-B5-有-15,-,,韩晨国,199元高中双科提分课,199元高中双科提分课,自投放,自有,自产原创,wangjiananbj03,2026/7/10,10,0.6,0,0,0,42.86,0,0,0.00%,0.00%,-,0,0
子矜,是,否,3bd8eee3046408080c780d5872aa9f9d,-,-,-,-,-,https://tutor-online1.fbcontent.cn/growth/internal-material/1781765470421.3bd8eee3046408080c780d5872aa9f9d.mp4,0610-9物-自产-自产主-李博-曲中雨-子衿-A6-B2-有-6,-,,贾子矜,9元高中物理李博,9元高中物理李博,申坤,自有,自产原创,wangruixuebj01,2026/6/20,30,0.07,0,0,0,11.67,0,0,0.00%,0.00%,-,0,0
浩正,是,否,63336d0afafe2f3680b8f47bb3768e74,-,-,-,-,-,https://tutor-online1.fbcontent.cn/growth/internal-material/1775810390856.63336d0afafe2f3680b8f47bb3768e74.mp4,0317-199物-自产-自产二-李博-曲中雨-浩正-A2-B2-无-20,-,,杜浩正,199元高中双科提分课,199元高中双科提分课,自投放,自有,自产原创,wangjiananbj03,2026/6/29,21,2845.14,995,5,0.35,187.27,44455.31,569.03,1.05%,3.13%,-,0.33,15546.88
子矜,是,否,06dd437b8edc2b93413cf4df73c85eab,-,-,-,-,-,https://tutor-online1.fbcontent.cn/growth/internal-material/1783417290357.06dd437b8edc2b93413cf4df73c85eab.mp4,0701-9物-自产-自产主-李博-曲中雨-子衿-A7-B2-无-5,-,,贾子矜,9元高中物理李博,9元高中物理李博,申坤,自有,自产原创,wangruixuebj01,2026/7/12,8,0.56,0,0,0,20.74,560,0,3.70%,0%,-,0,0
,是,否,8906745ce3e833adb10a33bfd92807aa,-,-,-,-,-,https://tutor-online1.fbcontent.cn/growth/internal-material/1780983143422.8906745ce3e833adb10a33bfd92807aa.mp4,6月4日 (3)(6),-,,贾子矜,199元高中双科提分课,199元高中双科提分课,自投放,自有,自产原创,wangjiananbj03,2026/6/14,36,76.46,0,0,0,153.23,25486.67,0,1.00%,0%,-,0,0
婷玉,是,否,3ae7ca0215b4b8f999f2dd11a943776d,-,-,-,-,-,https://tutor-online1.fbcontent.cn/growth/internal-material/1783418809393.3ae7ca0215b4b8f999f2dd11a943776d.mp4,0701-199双科-自产-自产主-李博-视觉锤-婷玉-A4-B2-有-8,-,,吴婷玉,199元高中双科提分课,199元高中双科提分课,自投放,自有,自产原创,wangjiananbj03,2026/7/9,11,1.08,0,0,0,20.38,0,0,0.00%,0.00%,-,0,0
雅迪,是,否,d3796e6a3a9687e6f3dfbcb8c5308079,-,-,-,-,-,https://tutor-online1.fbcontent.cn/growth/internal-material/1777344328037.d3796e6a3a9687e6f3dfbcb8c5308079.mp4,0429-9物-自产-自产二-李博-曲中雨-雅迪-A5-B2-无-15-2,-,,王雅迪,9元高中物理李博,9元高中物理李博,申坤,自有,自产原创,wangruixuebj01,2026/6/22,28,0.05,0,0,0,7.14,0,0,0.00%,0.00%,-,0,0
子矜,是,否,ba707857fff4570e0eb4385cb12c797e,-,-,-,-,-,https://tutor-online1.fbcontent.cn/growth/internal-material/1782382359799.ba707857fff4570e0eb4385cb12c797e.mp4,0617-199双科-自产-自产主-李博-视觉锤-子衿-A2-B1-有-3,-,,贾子矜,199元高中双科提分课,199元高中双科提分课,自投放,自有,自产原创,wangjiananbj03,2026/7/6,14,0.05,0,0,0,50,0,0,0.00%,0.00%,-,0,0
子矜,是,否,8bdc834107142a6cf9ea9c38b0c4959b,-,-,-,-,-,https://tutor-online1.fbcontent.cn/growth/internal-material/1782490057548.8bdc834107142a6cf9ea9c38b0c4959b.mp4,0617-9物-自产-自产二-李博-简末-子衿-A7-B2-无-6,-,,贾子矜,9元高中物理李博,9元高中物理李博,申坤,自有,自产原创,wangruixuebj01,2026/6/29,21,0,9,1,0,0,0,0,0.00%,0.00%,-,0,0
子矜,是,否,6e7e44f7ab4ab7b25d26a4f2b1e5a3b6,-,-,-,-,-,https://tutor-online1.fbcontent.cn/growth/internal-material/1781765471394.6e7e44f7ab4ab7b25d26a4f2b1e5a3b6.mp4,0610-9物-自产-自产主-李博-曲中雨-子衿-A7-B2-无-9,-,,贾子矜,9元高中物理李博,9元高中物理李博,申坤,自有,自产原创,wangruixuebj01,2026/6/22,28,65.08,0,0,0,25.3,1328.16,0,1.98%,0%,-,0,0
子矜,是,否,e29f718460fa468cefa2bd81fc09cd38,-,-,-,-,-,https://tutor-online1.fbcontent.cn/growth/internal-material/1782895332640.e29f718460fa468cefa2bd81fc09cd38.mp4,0624-9物-自产-自产主-李博-曲中雨-子衿---有-6,-,,贾子矜,9元高中物理李博,9元高中物理李博,申坤,自有,自产原创,wangruixuebj01,2026/7/4,16,5.28,0,0,0,39.4,5280,0,0.75%,0%,-,0,0
子矜,是,否,318155ccb9958da2e0a12604b1b4e586,-,-,-,-,-,https://tutor-online1.fbcontent.cn/growth/internal-material/1781350868621.318155ccb9958da2e0a12604b1b4e586.mp4,0603-199双科-自产-自产主-李博-巽阳-子衿-A2-B1-无-7,-,,贾子矜,199元高中双科提分课,199元高中双科提分课,自投放,自有,自产原创,wangjiananbj03,2026/6/23,27,428.94,199,1,0.46,336.16,47660,428.94,0.86%,9.09%,-,0.78,22111.11
子矜,是,否,fde1e88317a7e35fd35057c73846ed8a,-,-,-,-,-,https://tutor-online1.fbcontent.cn/growth/internal-material/1783417546220.fde1e88317a7e35fd35057c73846ed8a.mp4,0701-199双科-自产-自产二-李博-视觉锤-子衿-A2-B1-无-1,-,,贾子矜,199元高中双科提分课,199元高中双科提分课,自投放,自有,自产原创,wangjiananbj03,-,-,0,0,0,0,0,0,0,0.00%,0.00%,-,0,0
婷玉,是,否,da6f840d2d24ccc6376c01315c1b17d8,-,-,-,-,-,https://tutor-online1.fbcontent.cn/growth/internal-material/1783418808427.da6f840d2d24ccc6376c01315c1b17d8.mp4,0701-199双科-自产-自产二-李博-视觉锤-婷玉-A7-B1-有-7,-,,吴婷玉,199元高中双科提分课,199元高中双科提分课,自投放,自有,自产原创,wangjiananbj03,2026/7/9,11,0.98,0,0,0,89.09,980,0,9.09%,0%,-,0,0
雅迪,是,否,d2a106de07169a6309a85b9b41ce6870,-,-,-,-,-,https://tutor-online1.fbcontent.cn/growth/internal-material/1781602494645.d2a106de07169a6309a85b9b41ce6870.mp4,0520-199双科-自产-自产二-李博-视觉锤-雅迪-A5-B1-有-11,-,,韩晨国,199元高中双科提分课,199元高中双科提分课,自投放,自有,自产原创,wangjiananbj03,2026/6/25,25,270.63,0,0,0,43.59,19330.71,0,0.24%,0%,-,0,0
,是,是,0102cef4b2aeaa3dfe29d40b4ba98d33,-,-,-,-,-,https://tutor-online1.fbcontent.cn/growth/internal-material/1782812327809.0102cef4b2aeaa3dfe29d40b4ba98d33.mov,0630-9物-自产-李博-有-瑞晨混剪-2,-,,龚瑞晨,9元高中物理李博,9元高中物理李博,申坤,自有,自产混剪,wangruixuebj01,2026/7/1,19,14.49,0,0,0,49.97,1610,0,2.41%,0%,-,0,0
子矜,是,否,ecbe663bb928784a0366d0bc97a64245,-,-,-,-,-,https://tutor-online1.fbcontent.cn/growth/internal-material/1783330115475.ecbe663bb928784a0366d0bc97a64245.mp4,0617-9物-自产-自产二-李博-简末-子衿-A7-B1-无-4,-,,韩晨国,9元高中物理李博,9元高中物理李博,申坤,自有,自产原创,wangruixuebj01,2026/7/9,11,5.83,0,0,0,171.47,2915,0,5.88%,0%,-,0,0
子矜,是,否,2e87fbcd6e95a9755794a6fbade4cbf3,-,-,-,-,-,https://tutor-online1.fbcontent.cn/growth/internal-material/1770030073063.2e87fbcd6e95a9755794a6fbade4cbf3.mp4,0128-自产主-李博-8-3--有-9物-子矜- IP-曲中雨,-,,贾子矜,9元高中物理李博,9元高中物理李博-实物,玄武,自有,自产原创,wangruixuebj01,2026/3/5,137,0,72,8,0,0,0,0,0.00%,0.00%,-,0,0
,是,是,f200ebebe82c4cffa2f84eb1a5f0a607,-,-,-,-,-,https://tutor-online1.fbcontent.cn/growth/internal-material/1782201527515.f200ebebe82c4cffa2f84eb1a5f0a607.mov,0605-9物-十人-bwxy-ylb-A2-B4-jclb-pcc-1-瑞晨混,-,,杜浩正,9元高中物理李博,9元高中物理李博,申坤,自有,自产原创,wangruixuebj01,2026/6/25,25,369.15,45,5,0.12,217.53,9977.03,73.83,2.42%,12.20%,-,2.95,1216.22
浩正,是,是,ad24df6a3980edd463a5d7fc6deece32,-,-,-,-,-,https://tutor-online1.fbcontent.cn/growth/internal-material/1782812330241.ad24df6a3980edd463a5d7fc6deece32.mov,0630-9物-自产-自产主-李博-视觉锤-浩正-A5-B1-无-12-瑞晨混剪-5,-,,龚瑞晨,9元高中物理李博,9元高中物理李博,申坤,自有,自产混剪,wangruixuebj01,2026/7/4,16,12.5,0,0,0,271.74,12500,0,2.17%,0%,-,0,0
子矜,是,否,881759d6dd4c4400c2caca19d37f66b9,-,-,-,-,-,https://tutor-online1.fbcontent.cn/growth/internal-material/1783417242263.881759d6dd4c4400c2caca19d37f66b9.mp4,0701-9物-自产-自产主-李博-曲中雨-子衿-A5-B1-有-4,-,,贾子矜,9元高中物理李博,9元高中物理李博,申坤,自有,自产原创,wangruixuebj01,2026/7/14,6,14.09,0,0,0,132.92,3522.5,0,3.77%,0%,-,0,0
子矜,是,否,c91ad01a87b4ef47c03946c049465277,-,-,-,-,-,https://tutor-online1.fbcontent.cn/growth/internal-material/1783417307426.c91ad01a87b4ef47c03946c049465277.mp4,0701-9物-自产-自产主-李博-曲中雨-子衿-A7-B2-有-3,-,,贾子矜,9元高中物理李博,9元高中物理李博,申坤,自有,自产原创,wangruixuebj01,2026/7/10,10,146.48,0,0,0,125.63,7709.47,0,1.54%,0%,-,0,0
子矜,是,否,0bb95f90f5af20de27d568f9c988f398,-,-,-,-,-,https://tutor-online1.fbcontent.cn/growth/internal-material/1783417547961.0bb95f90f5af20de27d568f9c988f398.mp4,0701-199双科-自产-自产二-李博-视觉锤-子衿-A2-B1-无-3,-,,贾子矜,199元高中双科提分课,199元高中双科提分课,自投放,自有,自产原创,wangjiananbj03,2026/7/9,11,0.98,0,0,0,46.67,0,0,0.00%,0.00%,-,0,0
子矜,是,否,7ac9f880489b5d3c55054bb35e66dd14,-,-,-,-,-,https://tutor-online1.fbcontent.cn/growth/internal-material/1781350869343.7ac9f880489b5d3c55054bb35e66dd14.mp4,0603-199双科-自产-自产主-李博-巽阳-子衿-A2-B3-无-8,-,,贾子矜,199元高中双科提分课,199元高中双科提分课,自投放,自有,自产原创,wangjiananbj03,2026/6/25,25,562.62,0,0,0,123.06,25573.64,0,0.52%,0%,-,0,0
雅迪,是,否,16e374c69851ce4c0a0205fe3e79cfaa,-,-,-,-,-,https://tutor-online1.fbcontent.cn/growth/internal-material/1782295002302.16e374c69851ce4c0a0205fe3e79cfaa.mp4,0617-9物-自产-自产主-李博-视觉锤-雅迪-A5-B2-有-20,-,,王雅迪,9元高中物理李博,9元高中物理李博,申坤,自有,自产原创,wangruixuebj01,2026/6/26,24,1850.93,99,11,0.05,91.88,5273.3,168.27,1.77%,3.09%,-,0.55,282.05
