素材id,素材名称,预览链接,消耗,展示数,点击数,点击率(%),平均点击单价(元),平均千次展现费用(元),转化数,转化成本,转化率(%),深度转化次数,深度转化成本,深度转化率(%),回访-加为好友(计费时间),回访-高潜成交(计费时间),回访-信息确认(计费时间)
"	7665935383276404777",图文1,"https://ad.oceanengine.com/material_center/outer/video_player?token=CmMFKz%2BSyGqnXdNbzJHgCiwDXUIv7INHS0fHOjolWWVZVUMDYRaDhmDfvWSF5dCEniH74UiMvfHzqgKSxYohzZ1VcuKQH8EyzYFAMosrR1%2FYVZ8eg0zxxln%2BEtM2mn9%2FKBvlWCEaSwo8AAAAAAAAAAAAAFCzG4Z8t%2BwqPEwrpMRbKEF3Wc5bObCe4XWHlXjj3cdb82ESrs1UF2IqD1ChhOB2a5BVEI%2Fflw4Yvfeq7g4gASIBA5UX1kI%3D
https://p6-mapi-sign.creativityeco.com/tos-cn-i-dy/a3405e3ff25b486cbb7a24bc80d92ca7~tplv-iq460dd072-origin.image?key=%23xELpBibnZpB0EXaSExgNRHmlbqpHzqTqDgYnO5%2FRm8KyCz9%2FOP%2FQCBOmL50MDPdvo9rbW71TT%2Fk%2F1b6napn6EKdYBeP54Fn25Wqai8CKGRKb04p6T3CNLhZyPNvlrThoQ0hn2pXAeJYN2JqiGbtYbeQTxnyMOIG2tw%3D%3D&lk3s=62ea907e&sign_for=m_api&x-expires=1784991339&x-signature=yXrC3RKoNITrqPR3IaiSGCBufLY%3D
https://p9-mapi-sign.creativityeco.com/tos-cn-i-dy/938b9b1994e646af82ed8e7d4b8558fd~tplv-iq460dd072-origin.image?key=%23xELpBibnZpB0EXaSExgNRHmlbqpHzqTqDgYnO5%2FRm8KyCz9%2FOP%2FQCBOmL50MDPdvo9rbW71TT%2Fk%2F1b6napn6EKdYBeP54Fn25Wqai8CKGRKb04p6T3CNLhZyPNvlrThoQ0hn2pXAeJYN2JqiGbtYbeQTxnyMOIG2tw%3D%3D&lk3s=62ea907e&sign_for=m_api&x-expires=1784991339&x-signature=kPZ0i49s78uwKhGZ2gTTgWb17GE%3D
https://p6-mapi-sign.creativityeco.com/tos-cn-i-dy/68a5f53070344448b513ee947f9426f6~tplv-iq460dd072-origin.image?key=%23xELpBibnZpB0EXaSExgNRHmlbqpHzqTqDgYnO5%2FRm8KyCz9%2FOP%2FQCBOmL50MDPdvo9rbW71TT%2Fk%2F1b6napn6EKdYBeP54Fn25Wqai8CKGRKb04p6T3CNLhZyPNvlrThoQ0hn2pXAeJYN2JqiGbtYbeQTxnyMOIG2tw%3D%3D&lk3s=62ea907e&sign_for=m_api&x-expires=1784991339&x-signature=fFRLs0x2C5cAjmQhw6LNFKmjEnI%3D
https://p3-mapi-sign.creativityeco.com/tos-cn-i-dy/59d64754bb574d41bf8905d5d999b2f1~tplv-iq460dd072-origin.image?key=%23xELpBibnZpB0EXaSExgNRHmlbqpHzqTqDgYnO5%2FRm8KyCz9%2FOP%2FQCBOmL50MDPdvo9rbW71TT%2Fk%2F1b6napn6EKdYBeP54Fn25Wqai8CKGRKb04p6T3CNLhZyPNvlrThoQ0hn2pXAeJYN2JqiGbtYbeQTxnyMOIG2tw%3D%3D&lk3s=62ea907e&sign_for=m_api&x-expires=1784991339&x-signature=LfE062fXjJBleel2lMpG05UqlAc%3D",14.61,319,9,2.82,1.62,45.8,0,0,0,0,0,0,0,0,0
"	7665935357737304106",图文1,"https://ad.oceanengine.com/material_center/outer/video_player?token=CmNZxV%2BGRHJa6mfnGMUYtjmPkS7Fdpi2mIosTfO9hxUmV%2FyJ8tlP4EoKUS%2Bh2MeoBPcZnDa8uRihIPVGGTdHxQI%2FWpZoRYgbmI8BQZeuNrtfPBR0K8uQdGo58FRM6Po%2B9mDEoGEaSwo8AAAAAAAAAAAAAFCzG4Z8t%2BwqPEwrpMRbKEF3Wc5bObCe4XWHlXjj3cdb82ESrs1UF2IqD1ChhOB2a5BVEO%2Felw4Yvfeq7g4gASIBA4ODWZA%3D
https://p3-mapi-sign.creativityeco.com/tos-cn-i-dy/c2a547c2af2a4b1bbd0071015a68a125~tplv-iq460dd072-origin.image?key=%23xELpBibnZpB0EXaSExgNRHmlbqpHzqTqDgYnO5%2FRm8KyCz9%2FOP%2FQCBOmL50MDPdvo9rbW71TT%2Fk%2F1b6napn6EKdYBeP54Fn25Wqai8CKGRKb04p6T3CNLhZyPNvlrThoQ0hn2pXAeJYN2JqiGbtYbeQTxnyMOIG2tw%3D%3D&lk3s=62ea907e&sign_for=m_api&x-expires=1784991339&x-signature=PVxrsp5ecOthgfJsV%2Fttq1Ys4MY%3D
https://p9-mapi-sign.creativityeco.com/tos-cn-i-dy/b20a8a94f41444b5b6cd3eb8495ad2d9~tplv-iq460dd072-origin.image?key=%23xELpBibnZpB0EXaSExgNRHmlbqpHzqTqDgYnO5%2FRm8KyCz9%2FOP%2FQCBOmL50MDPdvo9rbW71TT%2Fk%2F1b6napn6EKdYBeP54Fn25Wqai8CKGRKb04p6T3CNLhZyPNvlrThoQ0hn2pXAeJYN2JqiGbtYbeQTxnyMOIG2tw%3D%3D&lk3s=62ea907e&sign_for=m_api&x-expires=1784991339&x-signature=Ut%2BnC9LVh8K0YfEc5P8m2EQ4fZs%3D
https://p9-mapi-sign.creativityeco.com/tos-cn-i-dy/3797144eb1cd451786fb0671edb6cf52~tplv-iq460dd072-origin.image?key=%23xELpBibnZpB0EXaSExgNRHmlbqpHzqTqDgYnO5%2FRm8KyCz9%2FOP%2FQCBOmL50MDPdvo9rbW71TT%2Fk%2F1b6napn6EKdYBeP54Fn25Wqai8CKGRKb04p6T3CNLhZyPNvlrThoQ0hn2pXAeJYN2JqiGbtYbeQTxnyMOIG2tw%3D%3D&lk3s=62ea907e&sign_for=m_api&x-expires=1784991339&x-signature=aTE5ETjJOY1MzHXZo%2F3%2BMQhOXlo%3D
https://p3-mapi-sign.creativityeco.com/tos-cn-i-dy/46ff548dccb24395bbe46ec54f500c96~tplv-iq460dd072-origin.image?key=%23xELpBibnZpB0EXaSExgNRHmlbqpHzqTqDgYnO5%2FRm8KyCz9%2FOP%2FQCBOmL50MDPdvo9rbW71TT%2Fk%2F1b6napn6EKdYBeP54Fn25Wqai8CKGRKb04p6T3CNLhZyPNvlrThoQ0hn2pXAeJYN2JqiGbtYbeQTxnyMOIG2tw%3D%3D&lk3s=62ea907e&sign_for=m_api&x-expires=1784991339&x-signature=Ef7ZjT4d%2FZvlRYxTjNSzLfFw67k%3D
https://p3-mapi-sign.creativityeco.com/tos-cn-i-dy/6d6838429f5b4693bf9391c43885e20a~tplv-iq460dd072-origin.image?key=%23xELpBibnZpB0EXaSExgNRHmlbqpHzqTqDgYnO5%2FRm8KyCz9%2FOP%2FQCBOmL50MDPdvo9rbW71TT%2Fk%2F1b6napn6EKdYBeP54Fn25Wqai8CKGRKb04p6T3CNLhZyPNvlrThoQ0hn2pXAeJYN2JqiGbtYbeQTxnyMOIG2tw%3D%3D&lk3s=62ea907e&sign_for=m_api&x-expires=1784991339&x-signature=0YYu3ex7EtlE6SWlWVRNwdA%2FsvA%3D
https://p6-mapi-sign.creativityeco.com/tos-cn-i-dy/15a8b3b970ee48259567c784f6c2450e~tplv-iq460dd072-origin.image?key=%23xELpBibnZpB0EXaSExgNRHmlbqpHzqTqDgYnO5%2FRm8KyCz9%2FOP%2FQCBOmL50MDPdvo9rbW71TT%2Fk%2F1b6napn6EKdYBeP54Fn25Wqai8CKGRKb04p6T3CNLhZyPNvlrThoQ0hn2pXAeJYN2JqiGbtYbeQTxnyMOIG2tw%3D%3D&lk3s=62ea907e&sign_for=m_api&x-expires=1784991339&x-signature=ACDADVDeKfKDpT5ik3kpZiQPYn8%3D
https://p6-mapi-sign.creativityeco.com/tos-cn-i-dy/47800a1deb4449dbae5ec53ba43e9e42~tplv-iq460dd072-origin.image?key=%23xELpBibnZpB0EXaSExgNRHmlbqpHzqTqDgYnO5%2FRm8KyCz9%2FOP%2FQCBOmL50MDPdvo9rbW71TT%2Fk%2F1b6napn6EKdYBeP54Fn25Wqai8CKGRKb04p6T3CNLhZyPNvlrThoQ0hn2pXAeJYN2JqiGbtYbeQTxnyMOIG2tw%3D%3D&lk3s=62ea907e&sign_for=m_api&x-expires=1784991339&x-signature=iodxLDWOSZROEsup87K8hqUhClc%3D",1.93,46,2,4.35,0.97,41.96,0,0,0,0,0,0,0,0,0
"	7665935337701982249",图文1,"https://ad.oceanengine.com/material_center/outer/video_player?token=CmN8JHZtpateZgQw68n9cNw%2BiTzUweMLFCPivW0BB5UbnxUALX7875Qp2fXcoWIvzLEBWIO3N0Da8A1LrFs67%2BWZA%2FLWphUhkKVeQKHgBdG9wSloW8X89UMK4wabMLa4Ub092WEaSwo8AAAAAAAAAAAAAFCzG4Z8t%2BwqPEwrpMRbKEF3Wc5bObCe4XWHlXjj3cdb82ESrs1UF2IqD1ChhOB2a5BVENDelw4Yvfeq7g4gASIBA30KIQ8%3D
https://p3-mapi-sign.creativityeco.com/tos-cn-i-dy/ec1dfd578bba4901862e121b97b0bb10~tplv-iq460dd072-origin.image?key=%23xELpBibnZpB0EXaSExgNRHmlbqpHzqTqDgYnO5%2FRm8KyCz9%2FOP%2FQCBOmL50MDPdvo9rbW71TT%2Fk%2F1b6napn6EKdYBeP54Fn25Wqai8CKGRKb04p6T3CNLhZyPNvlrThoQ0hn2pXAeJYN2JqiGbtYbeQTxnyMOIG2tw%3D%3D&lk3s=62ea907e&sign_for=m_api&x-expires=1784991339&x-signature=C2IJxQX4i8JsBzZRCFPL4FjQ%2Bt8%3D
https://p3-mapi-sign.creativityeco.com/tos-cn-i-dy/520223b435004ec18e9a4f431151cdc3~tplv-iq460dd072-origin.image?key=%23xELpBibnZpB0EXaSExgNRHmlbqpHzqTqDgYnO5%2FRm8KyCz9%2FOP%2FQCBOmL50MDPdvo9rbW71TT%2Fk%2F1b6napn6EKdYBeP54Fn25Wqai8CKGRKb04p6T3CNLhZyPNvlrThoQ0hn2pXAeJYN2JqiGbtYbeQTxnyMOIG2tw%3D%3D&lk3s=62ea907e&sign_for=m_api&x-expires=1784991339&x-signature=w5fEfW7WhL5RXUpll4kNFJtV2qM%3D
https://p6-mapi-sign.creativityeco.com/tos-cn-i-dy/d43789520cbf443d82268706a468fba7~tplv-iq460dd072-origin.image?key=%23xELpBibnZpB0EXaSExgNRHmlbqpHzqTqDgYnO5%2FRm8KyCz9%2FOP%2FQCBOmL50MDPdvo9rbW71TT%2Fk%2F1b6napn6EKdYBeP54Fn25Wqai8CKGRKb04p6T3CNLhZyPNvlrThoQ0hn2pXAeJYN2JqiGbtYbeQTxnyMOIG2tw%3D%3D&lk3s=62ea907e&sign_for=m_api&x-expires=1784991339&x-signature=aWqxpJaLePaRuHQbDNVvVOS%2BjTg%3D
https://p9-mapi-sign.creativityeco.com/tos-cn-i-dy/7f362bea02aa46bfb5ee6addcfd4d4bb~tplv-iq460dd072-origin.image?key=%23xELpBibnZpB0EXaSExgNRHmlbqpHzqTqDgYnO5%2FRm8KyCz9%2FOP%2FQCBOmL50MDPdvo9rbW71TT%2Fk%2F1b6napn6EKdYBeP54Fn25Wqai8CKGRKb04p6T3CNLhZyPNvlrThoQ0hn2pXAeJYN2JqiGbtYbeQTxnyMOIG2tw%3D%3D&lk3s=62ea907e&sign_for=m_api&x-expires=1784991339&x-signature=cRbwMHmQin5y%2F%2FJJPDR8VTkWfYs%3D
https://p3-mapi-sign.creativityeco.com/tos-cn-i-dy/b6c7c9bb35244b039b0ec0f2dd4e3d4b~tplv-iq460dd072-origin.image?key=%23xELpBibnZpB0EXaSExgNRHmlbqpHzqTqDgYnO5%2FRm8KyCz9%2FOP%2FQCBOmL50MDPdvo9rbW71TT%2Fk%2F1b6napn6EKdYBeP54Fn25Wqai8CKGRKb04p6T3CNLhZyPNvlrThoQ0hn2pXAeJYN2JqiGbtYbeQTxnyMOIG2tw%3D%3D&lk3s=62ea907e&sign_for=m_api&x-expires=1784991339&x-signature=10VFxITO2%2FUt5xca3b%2BJS9xPGs4%3D
https://p6-mapi-sign.creativityeco.com/tos-cn-i-dy/c6d475b8771040d89e3e4141474f036e~tplv-iq460dd072-origin.image?key=%23xELpBibnZpB0EXaSExgNRHmlbqpHzqTqDgYnO5%2FRm8KyCz9%2FOP%2FQCBOmL50MDPdvo9rbW71TT%2Fk%2F1b6napn6EKdYBeP54Fn25Wqai8CKGRKb04p6T3CNLhZyPNvlrThoQ0hn2pXAeJYN2JqiGbtYbeQTxnyMOIG2tw%3D%3D&lk3s=62ea907e&sign_for=m_api&x-expires=1784991339&x-signature=Rip%2BFW%2FmMoQrrZoEKctQmYD%2Fie8%3D
https://p6-mapi-sign.creativityeco.com/tos-cn-i-dy/33c447b3be314686b0fec0c01db1bb5b~tplv-iq460dd072-origin.image?key=%23xELpBibnZpB0EXaSExgNRHmlbqpHzqTqDgYnO5%2FRm8KyCz9%2FOP%2FQCBOmL50MDPdvo9rbW71TT%2Fk%2F1b6napn6EKdYBeP54Fn25Wqai8CKGRKb04p6T3CNLhZyPNvlrThoQ0hn2pXAeJYN2JqiGbtYbeQTxnyMOIG2tw%3D%3D&lk3s=62ea907e&sign_for=m_api&x-expires=1784991339&x-signature=iZyOaNsiFb0uZrfyceuoAPPA4So%3D
https://p9-mapi-sign.creativityeco.com/tos-cn-i-dy/abcd6a95d2eb474c848e7f9b175fb7a6~tplv-iq460dd072-origin.image?key=%23xELpBibnZpB0EXaSExgNRHmlbqpHzqTqDgYnO5%2FRm8KyCz9%2FOP%2FQCBOmL50MDPdvo9rbW71TT%2Fk%2F1b6napn6EKdYBeP54Fn25Wqai8CKGRKb04p6T3CNLhZyPNvlrThoQ0hn2pXAeJYN2JqiGbtYbeQTxnyMOIG2tw%3D%3D&lk3s=62ea907e&sign_for=m_api&x-expires=1784991339&x-signature=47bgcF%2FIVvF4QpGqf0Oikqxnm5k%3D",10.92,232,2,0.86,5.46,47.07,1,10.92,50,0,0,0,0,0,0
"	",,,,,,,,,,,,,,,,,
